,Q,A
0,關於肺癌，為什麼會得肺癌?,目前成因仍不明確，主要的危險因子包括:吸菸、環境因素如石綿等、家族史、慢性肺部疾病如肺纖維化或慢性阻塞性肺病。
1,關於肺癌，肺腺癌和肺癌有什麼不一樣嗎?,肺腺癌是肺癌的其中一種。
2,關於肺癌，我家人可以做低劑量電腦斷層掃描篩檢嗎?,"具肺癌家族史和重度吸菸史 可每2年一次免費補助篩檢
1. 具肺癌家族史：50～74歲男性或45～74歲女性，且其父母、子女或兄弟姊妹經診斷為肺癌之民眾。
2. 重度吸菸史：50～74歲吸菸史30年以上，且1天1包以上，或1天吸菸3包，持續10年，並有意願戒菸或戒菸15年內的重度吸菸者。"
3,關於肺癌，我罹癌了，我該怎麼吃?,"請參考https://www.ecancer.org.tw/CustomizationPage1.aspx?
CustID=1079&UnitID=10234
(衛教手冊)"
4,關於肺癌，「標靶治療」常見的副作用有哪些？,「標靶治療」藥物的副作用通常比傳統化學治療低。「標靶治療」比較不會產生骨髓抑制，也比較不會有白血球、血小板低下或貧血的現象，但會出現一些不同於化學治療的副作用。例如「艾瑞莎」和「得舒緩」會使得皮膚乾癢、長出像青春痘般的疹子、甲溝炎、腹瀉等等，少部分病人的肝功能還會上升。另外，大約有1%的人服用這類藥物會產生「間質性肺炎」（大多發生在開始服藥後的前兩個月），這是比較嚴重的副作用，病人可能因此呼吸衰竭，因此服用此類藥物若發生呼吸困難、咳嗽加劇，發燒的症狀，請迅速就醫。
5,關於肺癌，服用標靶藥物有什麼不能吃嗎?,建議葡萄柚、柚子、人蔘不要吃
6,關於肺癌，藥物治療期間應該要吃甚麼？,"接受化學治療期間應避免生食及未煮熟的食物，並注意維持高
蛋白、高卡路里的食物，增加維生素 A 及C，以預防感染。"
7,"關於肺癌，藥物治療期間出現口腔
潰瘍時應如何照護？","化療期間應於餐後刷牙或漱口，並每日以牙線清潔牙縫一次，
以維持口腔清潔。口腔潰瘍時，食物質地宜採軟質或流質，並進
食無酸性、溫暖或涼的食物，以減少刺激。必要時向您的個案管
理師做進一步的照護諮詢。"
8,關於肺癌，手術後會一直咳嗽正常嗎?,術後咳嗽為常見現象，一般約需1-3個月修復時間，避免辛辣、刺激的食物
9,關於肺癌，手術後會麻痛不適正常嗎?,與手術傷到神經有關，一般約需3-6個月修復時間
10,關於肺癌，什麼時後要至急診就醫呢?,1. 如果耳溫上升至38 度，隔一小時再量仍未下降或24小時內有兩次體溫上升至38度以上，或第一次測量體溫高燒至38.5度以上，即應至醫院掛急診，並告知急診醫師您的診斷及上次進行化學治療時間。2.劇烈嘔吐。3.呼吸喘、呼吸困難
11,關於肺癌，發生口腔黏膜炎要怎麼照顧?,請參考衛教資訊「癌症病人口腔黏膜炎照護須知」https://www.vghtc.gov.tw/APIPage/HealthEduDetail?PDFFILE=171E8DE8C97.pdf&PDFTITLE=%E7%99%8C%E7%97%87%E7%97%85%E4%BA%BA%E5%8F%
12,關於肺癌，發生口腔潰瘍要怎麼照顧?,請參考「化學治療-常見副作用(中)」https://www.youtube.com/watch?v=aBHLE-h6Y5M&feature=youtu.be
13,關於肺癌，化學治療需要注意什麼?,請參考「化學治療-常見副作用(上)」https://youtu.be/8P83kA7EnK8
14,關於肺癌，化學治療需要注意什麼?,請參考「化學治療-常見副作用(下)」https://youtu.be/ib4uP2m26bE
15,關於肺癌，在化學治療期間我可以吃中藥進補嗎?,建議均衡飲食 或與您的主治醫師討論。
16,關於肺癌，我便祕了怎麼辦?,請參考衛教資訊https://www.vghtc.gov.tw/UnitPage/RowViewDetail?WebRowsID=7b7cd96f-2d02-45e3-99d4-f41e6939384d&UnitID=18272b34-99f2-4b3a-9139-3959ac05f5a0&CompanyID=e8e0488e-54a0-44bf-b10c-d029c423f6e7&UnitDefaultTemplate=1
17,關於肺癌，治療沒食慾怎麼辦?,請參考衛教資訊https://www.youtube.com/watch?v=8mH4DkcAlGA&list=PLTuzBRPLNTXw7Qz615srtpSIXkDVl9CpH&index=4
18,關於肺癌，化療後感覺手麻腳麻的怎麼辦?,請參考衛教資訊https://ihealth.vghtc.gov.tw/media/1303
19,關於肺癌，人工血管要怎麼照顧?,請參考衛教資訊https://ihealth.vghtc.gov.tw/media/887
20,關於肺癌，治療中可以做什麼運動呢?,請參考衛教資訊https://ihealth.vghtc.gov.tw/media/572
21,關於肺癌，化學治療期間飲食衛教,"請參考衛教資訊
化學治療期間的飲食照護及營養支持-護理部衛教單張"
22,關於肺癌，什麼是新藥臨床試驗？,藥品必須進行臨床實驗，獲得對人體安全性及有效性的資料之後，才能提出新藥申請，如獲核准方可上市供適合的病人使用。因此，臨床試驗是以人為試驗對象的研究。一般臨床試驗分為4期：第一期至第四期，逐步推進。目前臨床上使用的藥物，尤其是抗癌用藥，幾乎都已通過臨床試驗，有其足夠的安全性及有效性。
23,關於肺癌，參加臨床試驗可能的好處為何？,參與臨床試驗的受試者，可以優先使用新的療法，此療法有可能優於目前的標準治療。他們在臨床試驗的過程中，將會獲得研究團隊嚴謹仔細及最先進的醫療照顧，特別是國際藥廠所做的跨國性臨床試驗，嚴謹度更是無庸置疑。受試者有機會因新的治療方法而受益，研究的結果也能夠幫助未來的病人。
24,關於肺癌，參加臨床試驗會有什麼風險或副作用？,各種治療方法都有其風險及副作用，臨床試驗也不例外，副作用因所用藥物及個人體質而異。由於癌症是一種會威脅生命的疾病，癌症的治療本身往往也會出現副作用，因此您在決定參與臨床試驗前，一定要請醫師評估病情及個人的身體狀況，充分了解可能遭遇的風險及好處後，再決定是否加入。
25,關於肺癌，什麼樣的人可以參加臨床試驗？,通常臨床試驗訂有一定的收錄篩選標準，受試者須符合該試驗的篩選標準，以降低參加臨床藥物試驗的危險程度。每一個臨床試驗設定的標準都不同，譬如某些臨床試驗會排除有心臟疾病的患者，有些試驗僅選擇肺癌第四期的病人等等。臨床醫師必須仔細評估受試者的身體狀況，並且詳細解釋，讓受試者在完全瞭解該臨床試驗的潛在好處及危險性，受試者簽署同意書之後，才能參加臨床試驗。
26,關於肺癌，肺癌的放射治療療程為何？,放射治療可單獨使用，或配合手術、化學治療使用。一搬來說，放射治療是1週5天，1天1次，每次治療時間約5-10分鐘。肺癌的放射治療依目的而有不同的療程：單獨使用放射線做根治性（curative）放射治療的療程大於6週；為改善生活品質、減輕病人症狀所施行的放射治療，稱為緩和性（palliative）放射治療，大約2-3週。
27,關於肺癌，放射治療有哪些常見的副作用？,放射治療時，不僅癌細胞受損傷及死亡，照射範圍內的正常細胞也會被影響而出現副作用。肺癌的放射治療主要作用部位在腦部、胸部或骨頭。腦部放射治療的可能副作用，有噁心、嘔吐、急性漿液性中耳炎等。胸部放射治療的可能副作用，急性副作用如噁心、嘔吐、喉嚨及食道發炎或咳嗽等；慢性副作用如食道狹窄、脊髓炎，或因肺部發炎或纖維化而引起咳嗽、氣喘、呼吸困難。骨頭放射治療的副作用因照射部位而異，多屬輕微，常見的急性副作用包括疲倦與皮膚發炎等。
28,關於肺癌，放射治療時有哪些應注意的事項?,1.放射線無聲無色無味，治療時就像照X-光一樣，不會痛、沒有任何感覺。為了要精確地照射，放射治療時，身體必須保持不動。當放射師將位置對準後，他們會離開治療室，回到操控室，啟動放射治療機。放射治療機很龐大，故在轉動時會有聲響，但不必害怕，它是很安全的。放射師會從操控室的閉路電視一直觀察病人情況，亦可與病人對話。病人在放射治療當中有任何不適，只要立即向放射師表明，馬上可以中止治療。 2.若正在服用任何藥物或對某些藥物過敏，請告知放射腫瘤醫師或護理師。 3.放射治療期間可能會感到疲倦及厭食，這種反應可能會持續到治療結束後4-6週。因此，必須補充營養，充分休息及睡眠。 4.要攝取均衡的飲食。 5.治療部位避免穿緊繃的衣物。 6.治療部位的皮膚容易受傷，請依照護理人員指示細心照顧。
29,關於肺癌，肺癌手術有哪些風險?,肺癌手術是重大手術，針對癌症治療，雖然是除惡務盡，但大量的肺臟切除，會造成病患術後肺功能受損，甚至呼吸衰竭，也可能引起血液運力學變化，造成心律不整，其他可能的併發症還有肺炎、血胸、氣胸、膿胸和傷口感染等。
30,關於肺癌，肺癌手術病患須要哪些胸腔復健運動和呼吸照護?,胸腔復健運動，包括上臂抬舉、擴胸運動和走路等，都可以促進全身循環，幫助肺擴張，有利康復。建議病患於手術後開始執行，約1-2週就可提高肺活量和改善肺功能。在呼吸照護方面，可教導病患做丹田式腹式呼吸，將雙手放在腹部，慢慢由鼻子吸氣，等腹部鼓起，嘴巴再慢慢吐氣，使腹部縮下去。另外，可以做咳嗽動作，病患坐定後，用雙手按住傷口，先做深呼吸，再慢慢深吸一口氣，閉氣，在吐氣時，順便咳出。
31,關於肺癌，肺癌手術後出院，傷口該如何照顧?,數後1周內因還有縫線建議暫時不要碰水，返家後傷口需每天換藥1次，傷口應保持乾燥，傷口未拆線前勿碰水，先以擦澡方式清潔身體，告知應隨時觀察傷口情形，若傷口有紅腫及異常分泌物時應立即返診，
32,關於肺癌，放射治療期間應如何照護?,接受放射治療的病人，放射線會穿過皮膚至腫瘤，消滅腫瘤細胞。放射線會使皮膚出現紅癢、顏色變深、脫皮及疼痛等反應，所以平時應穿著寬鬆、柔軟、容易吸汗的衣物，以減輕對照射部位皮膚的刺激。皮膚紅癢者，切記不可用手去抓及自行買藥擦，可輕輕拍打紅癢部位，用清水輕拭，並請告訴醫護人員。
33,關於肺癌，化學治療期間應如何照護?,接受化學治療的病人及其家屬，要了解化療藥物有噁心、嘔吐等副作用。當病人覺得噁心、嘔吐時，應加以安慰，鼓勵他們不要輕易放棄或暫停治療，醫師經評估後，也會開給止吐藥來緩解不適。在飲食方面，宜少量多餐，避免空腹及生食。掉髮也可能是化學治療的副作用之ㄧ，切記在治療期間不要染髮，外出可戴帽子或假髮，化學治療結束後3個月，頭髮不但會再長出來，可能還會長得更柔更美，但目前肺癌使用之化療藥物大部份是不會掉髮！不論放射治療或化學治療，都可能造成口腔損傷，包括味覺改變、口乾、牙齦出血等。上述症狀通常在治療1週後陸續出現，但並非每個病人都會如此。為維護口腔舒適，更應該保持口腔清潔與衛生。
34,關於肺癌，化學治療有哪些常見的副作用？,化學治療的副作用依照藥物的不同而有所不同，常見的副作用包括噁心、嘔吐、白血球下降、貧血、血小板低下、疲倦，掉髮、便秘、腹瀉、口腔潰瘍等。這些副作用不是必然會發生，並且許多症狀有方法可以改善，因此不必為了化學治療的副作用而在事前有太多的恐懼。
35,關於肺癌，化學治療產生的副作用要如何處理？,噁心、嘔吐：少量多餐，只要避免太甜、太油或油炸的食物，大可選擇自己愛吃的東西。一般而言，除了未煮熟或不衛生的食物以外，飲食上並無特別禁忌。必要時可用止吐劑來減輕症狀。 白血球下降：一般在化學治療後7-14天，白血球會降到最低。該注意的事項包括注意清潔衛生、勤洗手、避免出入公共場所和避免生食。如果發燒了，應立即告知醫師。 貧血：這是化學治療常見的副作用，會讓人感到疲倦，心悸，活動性喘，頭暈等，應充分休息，攝取足夠的營養。較嚴重的貧血，可以考慮輸血或使用紅血球生成素來改善。 便秘：攝取足夠的蔬菜、水果、高纖食物、水分，並且要有適度的運動，必要時使用一些瀉劑幫助排便。 掉髮：許多化學治療藥物都會會造成掉髮，建議先將頭髮剪短以減少落髮的髒亂，也可以戴假髮、頭巾或帽子來美化外觀。掉髮是暫時性的，一但停止化學治療，大部分頭髮就會重新長出來。
36,關於肺癌，何謂「標靶治療」？,針對癌細胞特有的表面標記或訊息傳遞途徑，以小分子化合物或單株抗體加以阻斷，抑制腫瘤細胞增殖，促進癌細胞凋亡，以及抑制血管生成等，即稱之「標靶治療」。一般來說，「標靶治療」藥物產生的副作用比一般傳統化學治療藥物小，但不是完全沒有。此外，一種「標靶治療」藥物常對某一特定的病人族群比較有效，因此不應該迷信「標靶治療」絕對勝過傳統化學治療，必須與專業醫師詳細討論後，再決定應以何種治療為優先。
37,關於肺癌，手術後多久要追蹤?,告知一般術後3個月會安排肺部電腦斷層掃瞄檢查追蹤，之後會6-12個月追蹤1次
38,關於肺癌，我可以回職場嗎?,"視工作場合，自我評估
整體狀況，適時回歸職場"
39,關於肺癌，我可以運動嗎?,"視個人身體狀況及體力
漸近式增加運動質量"
40,關於肺癌，「標靶治療」常見的副作用有哪些？,「標靶治療」藥物的副作用通常比傳統化學治療低。「標靶治療」比較不會產生骨髓抑制，也比較不會有白血球、血小板低下或貧血的現象，但會出現一些不同於化學治療的副作用。例如「艾瑞莎」和「得舒緩」會使得皮膚乾癢、長出像青春痘般的疹子、甲溝炎、腹瀉等等，少部分病人的肝功能還會上升。另外，大約有1%的人服用這類藥物會產生「間質性肺炎」（大多發生在開始服藥後的前兩個月），這是比較嚴重的副作用，病人可能因此呼吸衰竭，因此服用此類藥物若發生呼吸困難、咳嗽加劇，發燒的症狀，請迅速就醫。
41,關於肺癌，服用標靶藥物有什麼不能吃嗎?,建議葡萄柚、柚子、人蔘不要吃
42,關於肺癌，藥物治療期間應該要吃甚麼？,"接受化學治療期間應避免生食及未煮熟的食物，並注意維持高
蛋白、高卡路里的食物，增加維生素 A 及C，以預防感染。"
43,"關於肺癌，藥物治療期間出現口腔
潰瘍時應如何照護？","化療期間應於餐後刷牙或漱口，並每日以牙線清潔牙縫一次，
以維持口腔清潔。口腔潰瘍時，食物質地宜採軟質或流質，並進
食無酸性、溫暖或涼的食物，以減少刺激。必要時向您的個案管
理師做進一步的照護諮詢。"
44,關於肺癌，手術後會一直咳嗽正常嗎?,術後咳嗽為常見現象，一般約需1-3個月修復時間，避免辛辣、刺激的食物
45,關於肺癌，手術後會麻痛不適正常嗎?,與手術傷到神經有關，一般約需3-6個月修復時間
46,關於肺癌，什麼時後要至急診就醫呢?,1. 如果耳溫上升至38 度，隔一小時再量仍未下降或24小時內有兩次體溫上升至38度以上，或第一次測量體溫高燒至38.5度以上，即應至醫院掛急診，並告知急診醫師您的診斷及上次進行化學治療時間。2.劇烈嘔吐。3.呼吸喘、呼吸困難
47,關於肺癌，發生口腔黏膜炎要怎麼照顧?,請參考衛教資訊「癌症病人口腔黏膜炎照護須知」https://www.vghtc.gov.tw/APIPage/HealthEduDetail?PDFFILE=171E8DE8C97.pdf&PDFTITLE=%E7%99%8C%E7%97%87%E7%97%85%E4%BA%BA%E5%8F%
48,關於肺癌，發生口腔潰瘍要怎麼照顧?,請參考「化學治療-常見副作用(中)」https://www.youtube.com/watch?v=aBHLE-h6Y5M&feature=youtu.be
49,關於肺癌，化學治療需要注意什麼?,請參考「化學治療-常見副作用(上)」https://youtu.be/8P83kA7EnK8
50,關於肺癌，化學治療需要注意什麼?,請參考「化學治療-常見副作用(下)」https://youtu.be/ib4uP2m26bE
51,關於肺癌，在化學治療期間我可以吃中藥進補嗎?,建議均衡飲食 或與您的主治醫師討論。
52,關於肺癌，我便祕了怎麼辦?,請參考衛教資訊https://www.vghtc.gov.tw/UnitPage/RowViewDetail?WebRowsID=7b7cd96f-2d02-45e3-99d4-f41e6939384d&UnitID=18272b34-99f2-4b3a-9139-3959ac05f5a0&CompanyID=e8e0488e-54a0-44bf-b10c-d029c423f6e7&UnitDefaultTemplate=1
53,關於肺癌，治療沒食慾怎麼辦?,請參考衛教資訊https://www.youtube.com/watch?v=8mH4DkcAlGA&list=PLTuzBRPLNTXw7Qz615srtpSIXkDVl9CpH&index=4
54,關於肺癌，化療後感覺手麻腳麻的怎麼辦?,請參考衛教資訊https://ihealth.vghtc.gov.tw/media/1303
55,關於肺癌，人工血管要怎麼照顧?,請參考衛教資訊https://ihealth.vghtc.gov.tw/media/887
56,關於肺癌，治療中可以做什麼運動呢?,請參考衛教資訊https://ihealth.vghtc.gov.tw/media/572
57,關於肺癌，化學治療期間飲食衛教,"請參考衛教資訊
化學治療期間的飲食照護及營養支持-護理部衛教單張"
58,關於肺癌，什麼是新藥臨床試驗？,藥品必須進行臨床實驗，獲得對人體安全性及有效性的資料之後，才能提出新藥申請，如獲核准方可上市供適合的病人使用。因此，臨床試驗是以人為試驗對象的研究。一般臨床試驗分為4期：第一期至第四期，逐步推進。目前臨床上使用的藥物，尤其是抗癌用藥，幾乎都已通過臨床試驗，有其足夠的安全性及有效性。
59,關於肺癌，參加臨床試驗可能的好處為何？,參與臨床試驗的受試者，可以優先使用新的療法，此療法有可能優於目前的標準治療。他們在臨床試驗的過程中，將會獲得研究團隊嚴謹仔細及最先進的醫療照顧，特別是國際藥廠所做的跨國性臨床試驗，嚴謹度更是無庸置疑。受試者有機會因新的治療方法而受益，研究的結果也能夠幫助未來的病人。
60,關於肺癌，參加臨床試驗會有什麼風險或副作用？,各種治療方法都有其風險及副作用，臨床試驗也不例外，副作用因所用藥物及個人體質而異。由於癌症是一種會威脅生命的疾病，癌症的治療本身往往也會出現副作用，因此您在決定參與臨床試驗前，一定要請醫師評估病情及個人的身體狀況，充分了解可能遭遇的風險及好處後，再決定是否加入。
61,關於肺癌，什麼樣的人可以參加臨床試驗？,通常臨床試驗訂有一定的收錄篩選標準，受試者須符合該試驗的篩選標準，以降低參加臨床藥物試驗的危險程度。每一個臨床試驗設定的標準都不同，譬如某些臨床試驗會排除有心臟疾病的患者，有些試驗僅選擇肺癌第四期的病人等等。臨床醫師必須仔細評估受試者的身體狀況，並且詳細解釋，讓受試者在完全瞭解該臨床試驗的潛在好處及危險性，受試者簽署同意書之後，才能參加臨床試驗。
62,關於肺癌，肺癌的放射治療療程為何？,放射治療可單獨使用，或配合手術、化學治療使用。一搬來說，放射治療是1週5天，1天1次，每次治療時間約5-10分鐘。肺癌的放射治療依目的而有不同的療程：單獨使用放射線做根治性（curative）放射治療的療程大於6週；為改善生活品質、減輕病人症狀所施行的放射治療，稱為緩和性（palliative）放射治療，大約2-3週。
63,關於肺癌，放射治療有哪些常見的副作用？,放射治療時，不僅癌細胞受損傷及死亡，照射範圍內的正常細胞也會被影響而出現副作用。肺癌的放射治療主要作用部位在腦部、胸部或骨頭。腦部放射治療的可能副作用，有噁心、嘔吐、急性漿液性中耳炎等。胸部放射治療的可能副作用，急性副作用如噁心、嘔吐、喉嚨及食道發炎或咳嗽等；慢性副作用如食道狹窄、脊髓炎，或因肺部發炎或纖維化而引起咳嗽、氣喘、呼吸困難。骨頭放射治療的副作用因照射部位而異，多屬輕微，常見的急性副作用包括疲倦與皮膚發炎等。
64,關於肺癌，放射治療時有哪些應注意的事項?,1.放射線無聲無色無味，治療時就像照X-光一樣，不會痛、沒有任何感覺。為了要精確地照射，放射治療時，身體必須保持不動。當放射師將位置對準後，他們會離開治療室，回到操控室，啟動放射治療機。放射治療機很龐大，故在轉動時會有聲響，但不必害怕，它是很安全的。放射師會從操控室的閉路電視一直觀察病人情況，亦可與病人對話。病人在放射治療當中有任何不適，只要立即向放射師表明，馬上可以中止治療。 2.若正在服用任何藥物或對某些藥物過敏，請告知放射腫瘤醫師或護理師。 3.放射治療期間可能會感到疲倦及厭食，這種反應可能會持續到治療結束後4-6週。因此，必須補充營養，充分休息及睡眠。 4.要攝取均衡的飲食。 5.治療部位避免穿緊繃的衣物。 6.治療部位的皮膚容易受傷，請依照護理人員指示細心照顧。
65,關於肺癌，肺癌手術有哪些風險?,肺癌手術是重大手術，針對癌症治療，雖然是除惡務盡，但大量的肺臟切除，會造成病患術後肺功能受損，甚至呼吸衰竭，也可能引起血液運力學變化，造成心律不整，其他可能的併發症還有肺炎、血胸、氣胸、膿胸和傷口感染等。
66,關於肺癌，肺癌手術病患須要哪些胸腔復健運動和呼吸照護?,胸腔復健運動，包括上臂抬舉、擴胸運動和走路等，都可以促進全身循環，幫助肺擴張，有利康復。建議病患於手術後開始執行，約1-2週就可提高肺活量和改善肺功能。在呼吸照護方面，可教導病患做丹田式腹式呼吸，將雙手放在腹部，慢慢由鼻子吸氣，等腹部鼓起，嘴巴再慢慢吐氣，使腹部縮下去。另外，可以做咳嗽動作，病患坐定後，用雙手按住傷口，先做深呼吸，再慢慢深吸一口氣，閉氣，在吐氣時，順便咳出。
67,關於肺癌，肺癌手術後出院，傷口該如何照顧?,數後1周內因還有縫線建議暫時不要碰水，返家後傷口需每天換藥1次，傷口應保持乾燥，傷口未拆線前勿碰水，先以擦澡方式清潔身體，告知應隨時觀察傷口情形，若傷口有紅腫及異常分泌物時應立即返診，
68,關於肺癌，放射治療期間應如何照護?,接受放射治療的病人，放射線會穿過皮膚至腫瘤，消滅腫瘤細胞。放射線會使皮膚出現紅癢、顏色變深、脫皮及疼痛等反應，所以平時應穿著寬鬆、柔軟、容易吸汗的衣物，以減輕對照射部位皮膚的刺激。皮膚紅癢者，切記不可用手去抓及自行買藥擦，可輕輕拍打紅癢部位，用清水輕拭，並請告訴醫護人員。
69,關於肺癌，化學治療期間應如何照護?,接受化學治療的病人及其家屬，要了解化療藥物有噁心、嘔吐等副作用。當病人覺得噁心、嘔吐時，應加以安慰，鼓勵他們不要輕易放棄或暫停治療，醫師經評估後，也會開給止吐藥來緩解不適。在飲食方面，宜少量多餐，避免空腹及生食。掉髮也可能是化學治療的副作用之ㄧ，切記在治療期間不要染髮，外出可戴帽子或假髮，化學治療結束後3個月，頭髮不但會再長出來，可能還會長得更柔更美，但目前肺癌使用之化療藥物大部份是不會掉髮！不論放射治療或化學治療，都可能造成口腔損傷，包括味覺改變、口乾、牙齦出血等。上述症狀通常在治療1週後陸續出現，但並非每個病人都會如此。為維護口腔舒適，更應該保持口腔清潔與衛生。
70,關於肺癌，化學治療有哪些常見的副作用？,化學治療的副作用依照藥物的不同而有所不同，常見的副作用包括噁心、嘔吐、白血球下降、貧血、血小板低下、疲倦，掉髮、便秘、腹瀉、口腔潰瘍等。這些副作用不是必然會發生，並且許多症狀有方法可以改善，因此不必為了化學治療的副作用而在事前有太多的恐懼。
71,關於肺癌，化學治療產生的副作用要如何處理？,噁心、嘔吐：少量多餐，只要避免太甜、太油或油炸的食物，大可選擇自己愛吃的東西。一般而言，除了未煮熟或不衛生的食物以外，飲食上並無特別禁忌。必要時可用止吐劑來減輕症狀。 白血球下降：一般在化學治療後7-14天，白血球會降到最低。該注意的事項包括注意清潔衛生、勤洗手、避免出入公共場所和避免生食。如果發燒了，應立即告知醫師。 貧血：這是化學治療常見的副作用，會讓人感到疲倦，心悸，活動性喘，頭暈等，應充分休息，攝取足夠的營養。較嚴重的貧血，可以考慮輸血或使用紅血球生成素來改善。 便秘：攝取足夠的蔬菜、水果、高纖食物、水分，並且要有適度的運動，必要時使用一些瀉劑幫助排便。 掉髮：許多化學治療藥物都會會造成掉髮，建議先將頭髮剪短以減少落髮的髒亂，也可以戴假髮、頭巾或帽子來美化外觀。掉髮是暫時性的，一但停止化學治療，大部分頭髮就會重新長出來。
72,關於肺癌，何謂「標靶治療」？,針對癌細胞特有的表面標記或訊息傳遞途徑，以小分子化合物或單株抗體加以阻斷，抑制腫瘤細胞增殖，促進癌細胞凋亡，以及抑制血管生成等，即稱之「標靶治療」。一般來說，「標靶治療」藥物產生的副作用比一般傳統化學治療藥物小，但不是完全沒有。此外，一種「標靶治療」藥物常對某一特定的病人族群比較有效，因此不應該迷信「標靶治療」絕對勝過傳統化學治療，必須與專業醫師詳細討論後，再決定應以何種治療為優先。
73,關於肺癌，什麼是安寧緩和醫療？,安寧緩和醫療是由一群醫療專業人員（包括醫師、護理師、社工師、志工和宗教人員）組成醫療團隊來照顧末期病人，協助病人減輕身體不適（如疼痛、噁心、嘔吐等），並統合心理、社會、靈性各方面，將病人及家屬的生活品質提升到最好的程度。醫療團隊同時會引領病患及其家屬，面對死亡的各種不同情緒（如傷心、不捨、憂鬱），陪伴家屬在病人臨終期及病人死亡後哀傷期（bereavement）的調適。病人如果病情穩定出院，可以安排安寧居家照護做後續追蹤。
74,關於肺癌，什麼是安寧療護？,請參考https://ihealth.vghtc.gov.tw/media/1253
75,關於肺癌，安寧病房需要自費嗎？和一般病房有什麼不同？,請參考https://ihealth.vghtc.gov.tw/media/1062
76,關於肺癌，家人已經疾病末期了，我可以怎麼做準備?,請參考本院衛教資訊https://ihealth.vghtc.gov.tw/media/1066
77,關於肺癌，安寧照護一定要住在安寧病房嗎？,是否需要住進安寧病房會由安寧醫師評估，安寧不只有安寧病房，包括安寧共照、居家安寧也都是安寧的一種
78,關於肺癌，什麼是居家安寧?,「安寧居家照護」就是將醫療照護由醫院延伸至家中的照護模式。定期會有醫師和護理師至家理訪視病人，需要自付訪視費、交通補助費及特殊材料費。
79,關於肺癌，一般病房和安寧病房有什麼不同？,安寧病房為了能夠讓末期病人得到最好的照顧，讓病患和家屬得到較好的生活品質，在硬體和人員上有一些與一般病房不同處；在人員上由受過專業訓練的醫療團隊人員為病人服務，在環境上，具有寬敞、明亮、安靜、溫暖之特色，亦提供很多的設施，如交誼廳、廚房、佛堂、祈禱室、助念室，在設備上，提供舒適設備，如洗澡機、洗頭機、美膚機等，讓病人及家屬能得到更多、更好、更貼心的人性化照顧。
80,關於肺癌，安寧病房是不是等死的地方？,不是！很多人誤解安寧病房是等死的地方，住到那兒什麼都不做！事實不然，末期的病人住到安寧病房，反而得到最積極最好的照顧。
81,關於肺癌，安寧病房是不是放棄治療的地方呢？,不是！安寧病房是提供末期病患一個像家一樣舒適、溫暖及獲得人性化照顧的地方。住到安寧病房並不是放棄治療，而是捨棄不再有療效的治療，將治療目標從疾病治癒轉向症狀控制。
82,關於肺癌，安寧病房是不是可以一直住到死的地方呢？,不是！安寧病房是一個處理症狀的急性病房，不是安養機構，病人若症狀已獲得有效控制，就可以回家調養或轉介其他安養機構，以讓更需要的病人住院。
83,關於肺癌，住在安寧病房是否不需要家屬陪伴？,親人的陪伴對病人而言，是任何人無法取代，尤其在病人有限的生命時間裡，我們鼓勵家人盡量抽控陪伴。為避免病患有被遺棄的不舒服感受，基本上還是期待家人能陪伴。若真沒有人力可陪伴，可視情況請看護照顧，或由護理人員、志工協助予以照顧，但家人需與工作人員保持密切聯繫，若家人有經濟上的困難，可請社工師評估，再依個別情況給予合宜之補助與協助。
84,關於肺癌，住安寧病房可以手術嗎?是否可以接受化學治療或放射線治療？,只要對病患有幫助的處置，如緩解病患的不適的小手術或少劑量的放射線治療都可做。
85,關於肺癌，安寧病房是不是一直打止痛藥、鎮靜安眠藥，讓病人整天昏睡的地方？,不是！我們運用專業知識，適當使用各種藥物、儀器設備及輔助療法，減輕病人的症狀，保持他們的身體舒適，並協助病患、家屬面對及渡過死亡的過程，幫助他們在人生的最後階段適應新的生活
86,"關於大腸直腸癌，大腸直腸癌的
病人都需要接受開刀治療嗎？","手術為大腸直腸癌的根治方法，但是根據每位個案診斷時的部
位、期別及體能狀態，醫師會給予不同的治療計畫，所以建議
向您的個案管理師諮詢相關的治療，或進一步與您的醫師進行
討論。"
87,關於大腸直腸癌，若有家族史應該於何時篩檢？,"通常有家族史的病人都要接受全大腸的檢查，最好每兩年就要
作一次大腸鏡，通常建議在 20 到30 歲就可以開始作，且在40
歲之後每年行一次大腸鏡檢查。"
88,關於大腸直腸癌，我罹癌了，我該怎麼吃?,"請參考https://www.ecancer.org.tw/CustomizationPage1.aspx?
CustID=1079&UnitID=10234
(衛教手冊)"
89,關於大腸直腸癌，我會有造口嗎？,腸癌分結腸及直腸，造口常見直腸癌，及發生腸阻塞時的狀況。
90,關於大腸直腸癌，大腸癌是什麼？種類有哪些？那種大腸癌較常見？ ,台灣大腸區域所發現的癌種九成以上屬於腺癌，少數為神經內分泌癌，其他種類的大腸癌較為罕見
91,關於大腸直腸癌，大腸癌早期有那些症狀？大腸癌末期還會出現哪些問題？,"常見症狀包括：

血便
長期或慢性的腹部不適
排便習慣改變（便秘、腹瀉）、大便型態改變（變細、變水）
時常有便意感，總感覺糞便無法排空
貧血、疲勞、虛弱、臉色蒼白
大腸癌如果發生轉移，常發生在肝、肺和骨頭等處，症狀會與轉移到的器官密切相關：

肝轉移：病人右上腹有悶悶的感覺，皮膚容易搔癢，嚴重會伴隨黃疸或腹水等問題。
肺轉移：晚上容易出現頻繁咳嗽、呼吸急促、咳血等問題，嚴重時會伴隨肋膜積水的發生。
骨轉移：骨頭容易疼痛、斷裂或骨折，血液檢測時可能會出現鈣離子偏高的現象。"
92,關於大腸直腸癌，藥物治療期間應該要吃甚麼？,"接受化學治療期間應避免生食及未煮熟的食物，並注意維持高
蛋白、高卡路里的食物，增加維生素 A 及C，以預防感染。"
93,"關於大腸直腸癌，藥物治療期間出現口腔
潰瘍時應如何照護？","化療期間應於餐後刷牙或漱口，並每日以牙線清潔牙縫一次，
以維持口腔清潔。口腔潰瘍時，食物質地宜採軟質或流質，並進
食無酸性、溫暖或涼的食物，以減少刺激。必要時向您的個案管
理師做進一步的照護諮詢。"
94,關於大腸直腸癌，手術後傷口痛，是否正常？,"手術後，如果傷口無紅、腫、熱及滲液，則為一般的傷口疼痛，
可服用醫師開立的止痛劑緩解疼痛。"
95,關於大腸直腸癌，手術後腸絞痛是否正常？,"手術後，腸道恢復蠕動，可能造成絞痛，為正常現象，如疼痛
影響作息，可與醫師討論以藥物緩解疼痛。如果手術後腸絞痛
且伴隨出現腹脹、嘔吐或超過 3 日未排便(腸阻塞通常會表現出
四大症狀1.腹痛，2.嘔吐，3.腹脹，4.便秘)，則建議至急診求治。"
96,"關於大腸直腸癌，手術返家後解血便，
是否有問題？","解少量血絲便或深色便可先觀察，如果解血塊或鮮血便，則建
議至急診求治。"
97,關於大腸直腸癌，什麼時後要至急診就醫呢?,1. 如果耳溫上升至38 度，隔一小時再量仍未下降或24小時內有兩次體溫上升至38度以上，或第一次測量體溫高燒至38.5度以上，即應至醫院掛急診，並告知急診醫師您的診斷及上次進行化學治療時間。2.大量血便、嚴重腹瀉、意識不清。3.劇烈疼痛、4.呼吸困難
98,關於大腸直腸癌，發生口腔黏膜炎要怎麼照顧?,請參考衛教資訊「癌症病人口腔黏膜炎照護須知」https://www.vghtc.gov.tw/APIPage/HealthEduDetail?PDFFILE=171E8DE8C97.pdf&PDFTITLE=%E7%99%8C%E7%97%87%E7%97%85%E4%BA%BA%E5%8F%
99,關於大腸直腸癌，發生口腔潰瘍要怎麼照顧?,請參考「化學治療-常見副作用(中)」https://www.youtube.com/watch?v=aBHLE-h6Y5M&feature=youtu.be
100,關於大腸直腸癌，化學治療需要注意什麼?,請參考「化學治療-常見副作用(上)」https://youtu.be/8P83kA7EnK8
101,關於大腸直腸癌，化學治療需要注意什麼?,請參考「化學治療-常見副作用(下)」https://youtu.be/ib4uP2m26bE
102,關於大腸直腸癌，我打完化療及標靶要出院了，回家需要注意什麼?,請參考衛教資訊https://ihealth.vghtc.gov.tw/media/332
103,關於大腸直腸癌，在化學治療期間我可以吃中藥進補嗎?,建議均衡飲食 或與您的主治醫師討論，需特別注意避免食用活血化瘀中藥材，如:當歸、川芎、人蔘。
104,關於大腸直腸癌，我便祕了怎麼辦?,請參考衛教資訊https://www.vghtc.gov.tw/UnitPage/RowViewDetail?WebRowsID=7b7cd96f-2d02-45e3-99d4-f41e6939384d&UnitID=18272b34-99f2-4b3a-9139-3959ac05f5a0&CompanyID=e8e0488e-54a0-44bf-b10c-d029c423f6e7&UnitDefaultTemplate=1
105,關於大腸直腸癌，治療沒食慾怎麼辦?,請參考衛教資訊https://www.youtube.com/watch?v=8mH4DkcAlGA&list=PLTuzBRPLNTXw7Qz615srtpSIXkDVl9CpH&index=4
106,關於大腸直腸癌，化療後感覺手麻腳麻的怎麼辦?,請參考衛教資訊https://ihealth.vghtc.gov.tw/media/1303
107,關於大腸直腸癌，人工血管要怎麼照顧?,請參考衛教資訊https://ihealth.vghtc.gov.tw/media/887
108,關於大腸直腸癌，治療中可以做什麼運動呢?,請參考衛教資訊https://ihealth.vghtc.gov.tw/media/572
109,關於大腸直腸癌，化學治療期間飲食衛教,"請參考衛教資訊
化學治療期間的飲食照護及營養支持-護理部衛教單張"
110,關於大腸直腸癌，心理衛教,"請參考衛教資訊
https://www.youtube.com/watch?v=Pv5QZ8KSbqQ&list=PLTuzBRPLNTXw8a9UJ1RCNxBRy-Cqt4gof&index=2&t=0s"
111,關於大腸直腸癌，大腸癌的治療有哪些新趨勢？有新的標靶治療或免疫治療可選擇？,"病人的自身身體狀況：如果病人的年紀輕、體能佳，比較可能接受藥效強的化學藥物，或是接受第二線、第三線的化療藥物，來達到比較好的治療效果。如果病人已是老年，治療會以溫和的療法考慮。
惡性腫瘤的特性：大腸癌不同位置有時會產生不同的特性，例如：近年透過基因分析技術發現，不同側的結腸癌在基因突變的型態有不同，可依此選擇合適的標靶藥物來進行治療。
病人本身基因的多樣性：簡單來說，不同的病人所具有的「體質」差異，對化學治療所使用的藥物代謝狀況也不同，可能發生程度不一的副作用，醫師藉由病人體內的基因，選擇對病人傷害較小的治療藥物。
癌細胞分子特性或標記：這些特徵可以做為化學治療或標靶藥物的選擇依據，常見的癌症相關基因有：RAS、BRAF、HER2、MSI 等。"
112,關於大腸直腸癌，我多久要追蹤一次,"可再與醫師討論，
建議3-6個月定期回診檢查追蹤"
113,關於大腸直腸癌，我可以回職場嗎?,"視工作場合，自我評估
整體狀況，適時回歸職場"
114,關於大腸直腸癌，我可以運動嗎?,"視個人身體狀況及體力
漸近式增加運動質量"
115,關於大腸直腸癌，藥物治療期間應該要吃甚麼？,"接受化學治療期間應避免生食及未煮熟的食物，並注意維持高
蛋白、高卡路里的食物，增加維生素 A 及C，以預防感染。"
116,"關於大腸直腸癌，藥物治療期間出現口腔
潰瘍時應如何照護？","化療期間應於餐後刷牙或漱口，並每日以牙線清潔牙縫一次，
以維持口腔清潔。口腔潰瘍時，食物質地宜採軟質或流質，並進
食無酸性、溫暖或涼的食物，以減少刺激。必要時向您的個案管
理師做進一步的照護諮詢。"
117,關於大腸直腸癌，手術後傷口痛，是否正常？,"手術後，如果傷口無紅、腫、熱及滲液，則為一般的傷口疼痛，
可服用醫師開立的止痛劑緩解疼痛。"
118,關於大腸直腸癌，手術後腸絞痛是否正常？,"手術後，腸道恢復蠕動，可能造成絞痛，為正常現象，如疼痛
影響作息，可與醫師討論以藥物緩解疼痛。如果手術後腸絞痛
且伴隨出現腹脹、嘔吐或超過 3 日未排便(腸阻塞通常會表現出
四大症狀1.腹痛，2.嘔吐，3.腹脹，4.便秘)，則建議至急診求治。"
119,"關於大腸直腸癌，手術返家後解血便，
是否有問題？","解少量血絲便或深色便可先觀察，如果解血塊或鮮血便，則建
議至急診求治。"
120,關於大腸直腸癌，什麼時後要至急診就醫呢?,1. 如果耳溫上升至38 度，隔一小時再量仍未下降或24小時內有兩次體溫上升至38度以上，或第一次測量體溫高燒至38.5度以上，即應至醫院掛急診，並告知急診醫師您的診斷及上次進行化學治療時間。2.大量血便、嚴重腹瀉、意識不清。3.劇烈疼痛、4.呼吸困難
121,關於大腸直腸癌，發生口腔黏膜炎要怎麼照顧?,請參考衛教資訊「癌症病人口腔黏膜炎照護須知」https://www.vghtc.gov.tw/APIPage/HealthEduDetail?PDFFILE=171E8DE8C97.pdf&PDFTITLE=%E7%99%8C%E7%97%87%E7%97%85%E4%BA%BA%E5%8F%
122,關於大腸直腸癌，發生口腔潰瘍要怎麼照顧?,請參考「化學治療-常見副作用(中)」https://www.youtube.com/watch?v=aBHLE-h6Y5M&feature=youtu.be
123,關於大腸直腸癌，化學治療需要注意什麼?,請參考「化學治療-常見副作用(上)」https://youtu.be/8P83kA7EnK8
124,關於大腸直腸癌，化學治療需要注意什麼?,請參考「化學治療-常見副作用(下)」https://youtu.be/ib4uP2m26bE
125,關於大腸直腸癌，我打完化療及標靶要出院了，回家需要注意什麼?,請參考衛教資訊https://ihealth.vghtc.gov.tw/media/332
126,關於大腸直腸癌，在化學治療期間我可以吃中藥進補嗎?,建議均衡飲食 或與您的主治醫師討論，需特別注意避免食用活血化瘀中藥材，如:當歸、川芎、人蔘。
127,關於大腸直腸癌，我便祕了怎麼辦?,請參考衛教資訊https://www.vghtc.gov.tw/UnitPage/RowViewDetail?WebRowsID=7b7cd96f-2d02-45e3-99d4-f41e6939384d&UnitID=18272b34-99f2-4b3a-9139-3959ac05f5a0&CompanyID=e8e0488e-54a0-44bf-b10c-d029c423f6e7&UnitDefaultTemplate=1
128,關於大腸直腸癌，治療沒食慾怎麼辦?,請參考衛教資訊https://www.youtube.com/watch?v=8mH4DkcAlGA&list=PLTuzBRPLNTXw7Qz615srtpSIXkDVl9CpH&index=4
129,關於大腸直腸癌，化療後感覺手麻腳麻的怎麼辦?,請參考衛教資訊https://ihealth.vghtc.gov.tw/media/1303
130,關於大腸直腸癌，人工血管要怎麼照顧?,請參考衛教資訊https://ihealth.vghtc.gov.tw/media/887
131,關於大腸直腸癌，治療中可以做什麼運動呢?,請參考衛教資訊https://ihealth.vghtc.gov.tw/media/572
132,關於大腸直腸癌，化學治療期間飲食衛教,"請參考衛教資訊
化學治療期間的飲食照護及營養支持-護理部衛教單張"
133,關於大腸直腸癌，心理衛教,"請參考衛教資訊
https://www.youtube.com/watch?v=Pv5QZ8KSbqQ&list=PLTuzBRPLNTXw8a9UJ1RCNxBRy-Cqt4gof&index=2&t=0s"
134,關於大腸直腸癌，大腸癌後續生活有哪些影響？有那些徵兆與大腸癌復發有關？,"初期，病友勢必也會不太敢運動或不想長時間外出、旅遊，其實，在術後 2 個月待會陰部傷口癒合時，就可恢復運動，游泳、登山、慢跑等一般活動了。而外出時，只要隨身攜帶足夠的造口護理器材以及防止腹瀉的藥物，也依然可以自在旅行。但一開始一定會覺得限制，不須太心急，慢慢適應、學習，也可多聽其他病友過來人的經驗分享。

大腸癌手術過後每年應進行糞便潛血反應檢測、建議 3 年接受一次大腸鏡檢查，追蹤癌症復發情況。"
135,關於大腸直腸癌，什麼是安寧緩和?,請參考本院衛教資訊https://ihealth.vghtc.gov.tw/media/1253
136,關於大腸直腸癌，家人已經疾病末期了，我可以怎麼做準備?,請參考本院衛教資訊https://ihealth.vghtc.gov.tw/media/1066
137,關於乳癌，乳房超音波、乳房攝影、核磁共振，哪個可以揪出乳癌？,"乳房超音波：主要針對可觸摸到的腫塊，能快速辨別腫塊良惡性，判別是水瘤（或稱囊腫）還是實心腫瘤。且乳房攝影對於偵測比較緻密的乳房敏感度較低，超音波能彌補其不足。但對於脂肪含量較高的乳房，如果腫瘤與脂肪均為相同回音性質，超音波就比較難加以區辨。
乳房X光攝影：找出早期乳癌可能的微鈣化斑、局部結構扭曲、不對稱或腫塊等，再配合其他檢查，可發現早期癌症病癥，提高存活率。但東方女性乳房組織緻密，乳房攝影不易判讀，較容易有偽陰性。不過，對於無法觸摸（無症狀）的早期病灶，乳房攝影仍有其不可取代的角色。
核磁共振：無法偵測微鈣化斑，不能作為大量篩檢的工具。但台大醫院影像醫學部主任張允中指出，做核磁共振需要注射顯影劑，可以把有問題的組織與正常組織區分開來，對比明顯，就能抓出乳房軟組織的病灶，不像乳房攝影和超音波會受組織是否緻密、脂肪含量多少的影響
此外，對於BRCA基因突變相關的遺傳性乳癌，核磁共振也有較高的偵測率。
使用核磁共振也較容易找到具侵襲性的原位癌，並偵測多發性乳癌；曾接受隆乳手術的女性也適合核磁共振。
台灣乳房醫學會榮譽理事長暨台北醫學大學附設醫院乳房外科教授沈陳石銘表示，一般女性40歲以前乳房非常緻密，且鈣化機會不高，如果檢查結果正常，只要固定半年～1年做1次超音波檢查即可。
但40歲以上易有鈣化產生，建議1年半～2年做1次乳房攝影，期間可視需要配合做超音波檢查。
"
138,關於乳癌，乳房篩檢是幫助早期發現乳癌徵兆的重要管道。乳房超音波和乳房攝影有什麼差別？各自適合什麼樣的人？,"乳房攝影就是乳房X光攝影，需要用機器將乳房壓緊，以增加對比及解析度，壓得越緊密、影像越清楚。一般來說，使用低輻射劑量Ｘ光透視乳房的乳房攝影技術，適合 50 歲以上無症狀婦女之乳癌篩檢。同時歐美國家研究證實，定期乳房攝影篩檢，約可降低 20 % ~ 30 % 乳癌死亡率 。但年輕人的乳房組織緻密，用乳房Ｘ光攝影反而較難看出腫瘤。相較之下，乳房超音波不受組織緊密程度影響，可以直接分辨，適合作為年輕女性的乳房疾病篩檢。
單純的乳房超音波是屬於非侵入性檢查，對身體不會有傷害或副作用，也沒有輻射線，檢查時間大約 10 ～ 20 分鐘。它是利用高頻率探頭（7 ～ 10MHz）發射超音波來掃瞄乳房及腋下，經由超音波的反射，再將反射的音波資訊傳送至電腦而整合出乳房影像。
但超音波也有可能看不到早期的癌前病變，特別是鈣化的表徵。因此乳房超音波最好搭配醫師觸診或Ｘ光攝影。
當乳房Ｘ光攝影發現乳房腫塊的話，乳房超音波也能對發現的腫塊，做進一步的檢查，醫師也會藉由駐診的觸感來判斷。若腫塊是浮動、平滑的，則可能是良性的囊腫或腺瘤；若摸起來是硬的、邊緣不規則的，則惡性的機率高。在檢查中有發現不正常的腫塊，可以配合侵入性的穿刺檢查，來得到進一步的診斷 。
"
139,關於乳癌，懷疑罹患乳癌，是不是一定要進行切片手術？,無論是乳房攝影或是乳房超音波，甚至是乳房核磁共振攝影、正子掃描等，都僅能做為乳癌的輔助診斷，若要確立診斷仍必須仰賴切片檢查病理報告來當做後續治療的依據。
140,關於乳癌，粗針組織切片（Core Biopsy）,"粗針組織切片是使用粗針頭來取得組織，必須施打局部麻醉藥後才可進行，且需經由同一針孔，取樣至少4 次，過程會較耗時，較細針抽吸痛。因為過程並非將整個腫塊移除，因此不會有疤痕。由於取樣範圍較大，化驗結果也比細針抽吸更為正確，罕有偽陽性或偽陰性。但對於小於1 公分的病灶，使用粗針組織切片則較難精準達成。
粗針組織切片同時可提供乳房腫瘤是原位癌或侵襲癌的資訊，這對日後是否需做前哨淋巴結摘除有所幫助，另外，粗針組織切片所採取的組織可進行荷爾蒙接受體（ER/PR）及人類表皮生長因子第二型接受體（HER2）檢驗，這些資訊是細針抽吸無法提供的，因此臨床上高度懷疑惡性病灶時多以此方法來確定診斷。
雖然粗針組織切片的準確度高，但對於複雜度較高的少數病灶，仍有可能無法確認結果，必須重複進行粗針組織切片，或者進一步採取真空立體定位輔助切片或外科手術切片，才能得到真正的病理檢驗結果。
"
141,"關於乳癌，真空立體定位輔助切片（Vacuum-Assisted Biopsy,VAB）","真空立體定位輔助切片是利用超音波、乳房攝影、核磁共振攝影等方式做指引，在真空輔助下，把組織吸入切片槽中，如此可使切片取樣更完整、更多數，以降低偽陰性的可能，甚至可像外科開刀般將病灶大部分移除。傷口小，沒有明顯的疤痕，又能達到取樣充足、準確性高的效果。
臨床上，大多用於以細針抽吸及粗針組織切片無法確認的病灶，或者是對不確定及可疑的抽吸、切片結果，但又不想進行外科手術切除時，即可選擇真空立體定位輔助切片。
好處在於如果切片結果證明是良性腫瘤時，就能免除手術，萬一證實為惡性時，仍需進行病灶定位，進行局部廣泛性乳房腫瘤切除或/ 及淋巴結摘除術。
"
142,關於乳癌，外科手術切片（Excisional Biopsy）,"外科手術切片是在臨床上或影像上懷疑腫塊為惡性，但細針抽吸或粗針組織切片，都無法獲得證實或無法執行時，才會由外科醫師經由手術的方式，將腫塊或疑似異常的部位盡可能做完整切除，以取得組織進行病理檢驗，了解組織的屬性，這可說是唯一能夠立即獲得腫瘤正確診斷的方式。
當必須藉由外科手術切片確認乳房腫瘤是否為惡性時，必要時會在取出的手術檢體上標註相關位置，以利於在確認惡性的情形後，對切除邊緣進行評估，判斷是否需要擴大切除範圍。
"
143,關於乳癌，為什麼要做 ERBB2（HER2）檢查？,"ErbB2（HER2、Neu、CD340、p185）是人類上皮因子接受體第二型蛋白（Human Epidermal Growth Factor Receptor 2），分布於細胞膜上，為一種穿膜蛋白，是ErbB2（HER2）基因的蛋白質產物。其在細胞膜上具有接受器，能接受細胞外的訊息，並傳遞至細胞核以調控細胞。在正常細胞的生長情況下，ErbB2（HER2）基因一般有兩對，只會在細胞膜表面製造少量的 ErbB2（HER2）接受體蛋白，這些蛋白兩兩成一對，與傳達細胞生長、以及管控細胞的正常分裂有關。
在某些情形下，ErbB2（HER2）基因會過度表現，造成細胞膜表面的 ErbB2（HER2）接受體蛋白過度表現，進而刺激細胞生長與分裂，使得細胞成長加快。在過去許多的研究中，都發現了有大約 20~30% 的乳癌病人其癌細胞會有 ErbB2（HER2）接受體蛋白的過度生長，且與乳癌病人的疾病惡化與病程有密不可分的關聯性，因此現今大多數乳房專科醫師在診斷病人時，均會一併檢測 ErbB2 （HER2）接受體蛋白的表現情形，以便針對病人的個人化治療做進一步地評估。
"
144,關於乳癌，我是 HER-2 陽性嗎?,以下兩種方法都可以得知 HER-2 基因的狀態。通常醫師會先以組織免疫染色 IHC 進行檢測，若得知的結果是弱陽性時，則會進一步以 FISH 方式檢測。目前兩種方法都有健保給付。
145,關於乳癌，甚麼是三陰性型乳癌,所謂三陰性型乳癌，即是指 ER 陰性、PR 陰性，及 HER2 也呈現陰性的腫瘤。這類腫瘤並不完全和基因分析所得的基底細胞型相同；大致上，約 75% 的三陰性型病患屬於基底細胞型，而同樣的，75% 的基底細胞型屬於三陰性型，因此三陰性型乳癌病患和基底細胞型乳癌有許多共同的特徵，也就導致這兩者常常相提並論。依據最近的研究結果，三陰性型病患中不屬於基底細胞型的病患在微距陣列基因分析也有特點，而目前被稱為 claudin-low 型，約佔三陰性型病患的 25%，而佔所有病患的 5~10%。
146,關於乳癌，乳癌遺傳,"新診斷患有乳腺癌的年輕婦女面對許多的未知數：診斷對我的未來意味著什麼？什麼樣的治療最好？我繼承了一個高風險的基因嗎？我的癌症如果是遺傳的，對我的孩子或孫子有什麼影響？

 

BRCA1/2 基因及基因突變的帶原者

乳腺癌基因1號(BRCA1)及乳腺癌基因2號(BRCA2)分別在1990年及1994年間被科學家發現，這BRCA1位於人體的第17號染色體上，而BRCA2位於第13號染色體上，對於細胞損傷修復、細胞的正常生長方面扮演重要角色。如果BRCA1/2基因發生了突變，常常會造成BRCA1/2基因功能喪失，那麼帶有此BRCA1/2基因突變的細胞所具有的細胞修復功能就會受影響，長期下來將導致正常細胞染色體不穩定，發生「癌化」 (變成癌細胞)現象。目前發現和BRCA1和BRCA2基因突變相關的癌症最常見的為遺傳性乳腺癌和卵巢癌，而BRCA1/2基因突變的人罹患其他癌症如前列腺癌及大腸癌的終身風險也高於正常人。BRCA1/2基因的突變遺傳方式屬於“常染色體顯性遺傳”（也就是說不是某一性別特有，且不是所有突變攜帶者都會罹患癌症），研究顯示有​​BRCA1基因突變者，罹患乳腺癌和卵巢癌的終身風險分別是50%-85%和15%-45%，而有BRCA2基因突變者，患乳腺癌和卵巢癌的終身風險分別是50%-85%和10%-20%。
BRCA1/2 基因突變對於癌症治療的影響。對於已知有BRCA1/2 基因突變的轉移性乳癌患者而言，目前多了一個治療的曙光: PARP抑制劑。此類口服標靶藥物可有效促使BRCA1/BRCA2基因有缺陷的癌細胞產生凋亡， 2017年有兩個針對帶有BRCA1/2 基因突變的轉移性乳癌患者使用的PARP抑制劑治療成功的第3期臨床試驗，研究結果指出相較於標準化療，這類遺傳基因帶原者的轉移性乳癌病患接受口服PARP抑制劑治療可以有更好的延緩疾病進展療效。 而在這之前美國FDA已於2014加速核准其中一個PARP抑制劑olaparib用於治療與BRCA基因缺陷相關的晚期卵巢癌婦女。
基因檢測和遺傳諮詢
遺傳基因檢測非常複雜，這絕不是一個簡單的血液測試， 解釋不僅取決於測試結果，還取決於個人和家庭的病史。現在越來越多基因檢測公司提供所謂癌症基因篩檢，可能會衍生一些值得我們深思與重視的問題，例如：檢測結果可能帶來的焦慮與不安及需要的心理調適，基因篩檢結果的隱私及保密，及後面接續的癌症篩檢及長期照護計畫的制定，包含倫理、醫療與人性等都是很重要的議題。
何時我該做基因檢測和遺傳諮詢?
遺傳諮詢通常建議在遺傳性癌症綜合徵的基因檢測前後進行。
這種諮詢應由具有癌症遺傳學經驗的醫療專業人員進行。遺傳諮詢通常涵蓋測試過程的許多方面，包括：
基於個人和家庭病史的遺傳性癌症風險評估
討論基因檢測的適宜性
正面或負面測試結果的醫療含意
測試結果可能無法提供信息的可能性
基因檢測結果的心理風險和好處
將突變傳給兒童的風險
 

何時建議BRCA 遺傳基因檢測?

如果已經是乳癌病患

50歲以前確診的乳腺癌
得到兩側乳癌
乳房和卵巢癌都在同一個女性病患或同一個家庭
多個乳腺癌
一個家庭成員中有兩種或兩種以上的BRCA1或BRCA2相關癌症的主要類型
男性乳腺癌病例
德系猶太民族
如果我是其他癌症患者或年輕女性

在家族血親中有人已知帶有BRCA基因突變
卵巢癌及腹膜癌的婦女
直系親屬一等親或二等親人中有一人是卵巢癌或是在45歲以前有乳癌
有至少兩位三等親以內的直系親屬曾得過乳癌(其中一人得乳癌的罹病年齡在50歲之前"
147,關於乳癌，乳癌基因檢測,"以下乳癌高危險群還是可以考慮做基因檢測：
有明顯的乳癌、卵巢癌、胰臟癌或高度轉移的攝護腺癌家族史
家族中有人在 50 歲前罹患乳癌
家族中有人在 60 歲前罹患三陰性乳癌
家族中有人同時罹患乳癌和卵巢癌，或同一人罹患兩次乳癌
家族中有男性罹患乳癌
目前可以檢驗的遺傳性乳癌多基因突變檢測健保並不給付，需自費約 2 ~ 4.3 萬元。

乳癌基因檢測異常怎麼辦？有 4 種因應對策：
1.調整生活方式
包括哺乳、規律運動、控制體重及節制飲酒，也要避免荷爾蒙補充療法。
2.嚴密追蹤
建議 25 歲開始，半年 ~ 1 年接受 1 次乳房專科檢查，包括乳房影像檢查。或者最好比家族中最早被診斷出乳癌的年紀提早 10 年固定做乳房檢查，只要發現乳房任何異常或腋窩結節，應立刻就醫。
尤其核磁共振是敏感度最高的檢查工具，對於乳癌基因檢測異常的高危險族群，25 歲開始就能每年做 1 次乳房核磁共振，30 歲後搭配每年 1 次乳房Ｘ光攝影及超音波檢查，這樣既可提早發現異常，又可兼顧避免過早暴露於診斷的Ｘ光輻射，而提高罹患乳癌的風險。若無法做核磁共振，可以採 30 歲前每半年做乳房超音波，30 歲後每年加做乳房Ｘ光攝影。【推薦閱讀：乳房超音波或乳房攝影懷疑是乳癌，必須做切片檢查才能確定診斷？】
3.預防性用藥
部分文獻顯示，乳房高危險群服用抗雌激素藥物如泰莫西芬或芳香酶抑制劑，能降低有乳癌家族病史的人乳癌發生機率；也有研究認為，乳癌患者使用泰莫西芬能降低對側乳癌發生率。但預防性投藥的效果還有待更多驗證。
4.預防性手術
雙邊預防性乳房切除手術是減少乳癌風險最有效的方式之一，最高可降低 9 成左右的風險。但是，預防性切除並非一勞永逸，胸部仍會有摘不乾淨的乳腺組織，即便預防性切除乳房，仍有 5 ~ 10 ％ 機率在日後罹患乳癌。原則上，預防性乳房切除手術的時機，以年輕女性效果較佳。
"
148,關於乳癌，若得到乳癌，該從醫師那裡知道什麼？,"在台灣，乳癌是發生率最高的癌症，每年會有超過一萬名的女性同胞新診斷罹患這個惱人的疾病。當醫師告訴病患可能罹患乳癌時，我們建議病患就應該開始儘可能收集病情的有關資訊。
這些資料可大分為二類，特別是針對早期乳癌而言；第一類是手術前的資訊：乳房腫瘤發生於乳房的那個部位，腫瘤本身有多大，腋下淋巴結是否可能有轉移、身體其他器官是否轉移，這些資料我們稱為臨床分期。根據這些初步資料，病患就可以和醫師討論手術的術式；若腫瘤較小（如小於2公分）或相對於乳房整個體積仍屬小範圍，為了將來乳房部位的美觀，病患其實可以選擇乳房保留手術；在台灣，乳癌病患採取乳房全切除手術的比例一直比歐美國家高，而合併局部放射治療的乳房保留手術其實效果和改良型乳房全切除手術效果一樣好，所以病患可以和醫師討論採用乳房保留手術的可能性。
另一個醫界已廣泛採行的是腋下前哨淋巴切片術；針對在影像學檢查（如乳房超音波及乳房X光攝影檢查）腋下淋巴結不像有乳癌轉移的病患，外科醫師可以在手術施行的之前或同時，由乳房的腫瘤病灶打入標記物質（如染色劑或放射性同位素），然後在同側腋下取出最先染上標記的淋巴結，以病理檢查方式判斷是否腋下淋巴結遭受癌細胞轉移；若有，則可進一步進行腋下淋巴結清除術：將腋下淋巴結清除乾淨；若無，則可免除上述手術及其將來所可能帶來的副作用，包括上肢淋巴水腫、肩關節行動不便與疼痛等。另一方面，病患也可和醫師討論是否在乳癌手術的同時，立即進行乳房重建，這些都是選擇乳癌手術是否影響未來美觀的重點，而且並不會因此降低手術的成功率。

 

再來我們要談的是乳癌手術後病患所應獲得的資訊，這個資訊主要是病理報告的部分，包括腫瘤的實際大小（Tumor，T），腋下淋巴結是否轉移及轉移的個數（Node，N），加上臨床及病理判斷其他器官是否轉移（Metastasis，M），這些資訊我們稱為病理分期。除了病理分期之外，病患還儘量應該知道的資訊包括：荷爾蒙接受體（指動情素接受體ER，及黃體素接受體PR）是否陽性，最好更知道陽性細胞的百分比；HER2是否陽性；細胞惡性度的分級（分1~3級，第3級較惡性）；在腫瘤周圍是否有微血管及淋巴管的侵犯等。有了這些資料，病患就可以和醫師進一步討論將來所需要的治療。
舉例而言，腫瘤越大（特別是大於5公分），腋下淋巴結有轉移（尤其是大於4顆），低荷爾蒙接受體的表現，細胞惡性度第3級，腫瘤周圍有明顯的微血管及淋巴管侵犯，HER2陽性等這些都是可能必須化學治療及選擇化學治療藥物的依據。反之，若腫瘤小（如小於2公分），腋下淋巴結無轉移，荷爾蒙接受體高表現（如大於50%），細胞惡性度為第一級，腫瘤周圍沒有微血管及淋巴管轉移，HER2陰性等，這些因子的表現就可能讓病患只接受荷爾蒙治療的可能性大增。另一方面，HER2陽性的病患，接受標靶治療(trastuzumab，Herceptin，賀癌平)合併化學治療預防復發的效果最好。而手術後放射治療的適應症則包括：腫瘤較大（如大於5公分），腋下淋巴結陽性（特別是超過4顆），及接受乳房保留手術的病患等。當然，在現在及未來我們也已有一些乳癌基因表現分析的工具，將來可使「個人化治療」這件事做的更完美。
由上述這些簡單的說明，病患就可大致上瞭解自己將準備接受的治療內容，也許就會發現乳癌並不可怕，自己的病情與治癒的機會就掌握在自己手中。
"
149,關於乳癌，乳癌的病理報告要注意什麼？,"乳癌的發生人數逐年攀升，一旦得知自己被診斷為乳癌，除了配合醫師安排檢查與治療外，病患應對自己的腫瘤型態有充分的認知，選擇對自己最適合的治療。同樣是乳癌，可以根據荷爾蒙接受體或基因過度表現的有無而分為不同的亞群，預後不盡相同，治療的方向與可應用的藥物也有差異。現行的國際治療共識會依據一些臨床病理特徵，給予建議用藥及後續治療。也因此，病理報告的重要性不只是知道腫瘤分類是哪一種而已，還告訴臨床醫師與病患許多可供參考的重要因子。面對乳癌，唯有充分了解您的腫瘤型態與行為是什麼，才能知己知彼。究竟在閱讀病理報告時需注意哪些重點呢?以下簡單說明在求診過程中，病患可能會遇到的有關病理報告的問題。
一、細胞學檢查
如果臨床上摸得到腫塊或超音波下可見低迴音區域，醫師可能會使用細針施行抽吸細胞學檢查，利用細針抽取少量組織或脫落的細胞，好處是過程快速簡單，可以初步得知腫瘤是否為良性或惡性，缺點是不一定可以拿到足夠細胞來診斷，也很難區分病灶屬於侵犯癌或原位癌。細針抽吸細胞學檢查特異性可接近 100% ，但偶爾仍有偽陽性或偽陰性出現，需要配合臨床觸診和影像學檢查綜合判斷。細針抽吸最大的功能是用來確認惡性病灶而非用來診斷良性病灶，因此，細胞學檢查即使是良性診斷而臨床上仍懷疑惡性時，需做進一步粗針穿刺或切片檢查來確認才是。
二、乳癌的組織病理
不論是利用粗針穿刺或手術切片，所取得的組織在顯微鏡下的病理發現，有許多因子跟臨床預後有非常密切的關係，閱讀病理報告時應注意下列幾項：
1.組織型態／病理分類 (histologic type)
乳癌的組織型態首先得區分為非侵襲性或侵襲性癌，非侵襲性即所謂的原位癌，原位癌的預後比侵襲性癌好很多，5 年存活率幾乎可以達99%，甚至 100%，而原位小葉癌 (LCIS) 更因為預後良好，追蹤 15 年發展為侵襲性癌的機會約只有 21%，臨床上被認為可以當作一種生物標記來看待。侵襲性癌以侵襲性腺管癌佔最多，預後也較差，其他如管狀癌、黏液性癌等預後則較佳。
2.腫瘤大小 (size)
指整個腫瘤的範圍大小。若為原位癌，不管整個腫瘤多大，臨床病理分期都只能算為零期 (Tis)，但原位癌範圍越大，越有機會合併侵襲性癌，需仰賴病理醫師仔細地檢視標本的所有範圍，避免遺漏侵襲性癌的存在，尤其有時會出現小於 0.1 公分的侵襲性癌部分，亦即所謂的顯微侵襲 (microinvasion，T1mic)，只有在顯微鏡下可觀察到。腫瘤大小與臨床疾病分期有關，也就是 TNM 系統中的 “T”，T1 即腫瘤小於 2 公分，臨床分期多屬於第一、二期；腫瘤介於 2 到 5 公分屬 T2；大於 5 公分以上為 T3，出現 T2 和 T3 病灶則臨床分期至少是第二期以上；若腫瘤大於 5 公分，臨床上又合併有皮膚病灶或胸大肌的浸潤則歸屬 T4，臨床分期至少是第三期以上。
3.分級 (grading)
腫瘤細胞分級是對腫瘤細胞分化程度的評估，分為三級。現行的方法是依據腺管形成的比例 (tubule) 、細胞核型態 (pleomorphism) 、分裂數目的多寡 (mitoses) 給予不同程度的計算分數，再將分數相加得到總分，總分 3-5 屬於第一級，6-7 屬於第二級，8-9 屬於第三級。等級越高，分化程度越差，5 年存活率較差，無疾病存活期也較短。
4.淋巴血管侵犯 (lymphovascular invasion)
指在淋巴管或動靜脈的管腔中發現有腫瘤細胞的浸潤，文獻上認為有淋巴血管侵犯的腫瘤較具侵襲性，容易有淋巴結轉移或遠端轉移的機會，預後也較差。
5.淋巴結轉移 (nodal status)
腋下淋巴結是否有轉移，在乳癌的治療上一直是很重要的一環。TNM 系統中的 “N” 代表淋巴結轉移的狀況。N0 指沒有腋下淋巴結轉移，N1 指有 1-3 顆淋巴結轉移，N2 為 4-9 顆淋巴結有發現轉移現象，若有 10 顆以上淋巴結轉移，則定義為 N3。傳統的腋下淋巴結廓清術會將胸小肌外側 (level I) 及下方 (level II) 的淋巴結全數清除，病理報告中所判讀的淋巴結總數至少須大於 10 顆以上，淋巴結轉移的數目才具可信性。若手術中採行先哨淋巴結切片術，淋巴結判讀總數則不在此限。先哨淋巴結切片術因為只有拿少數幾顆淋巴結，病理醫師可以系列細切，增加了發現顯微轉移的機會，顯微轉移亦即小於 0.2 公分的轉移部份，目前臨床意義尚未釐清。
6.邊緣狀態 (margin status)
侵襲性癌施行乳房保留手術或原位癌施行廣泛性切除的病理報告會增列此項，主要原因是只切除部分乳房的手術，邊緣建議距離腫瘤部份達 1 公分以上，若邊緣小於 1 公分，在顯微鏡下病理醫師會列出腫瘤細胞與邊緣的最近距離有多少，再由臨床醫師判斷是否要再行手術切除更多的邊緣，或行放射線治療等等。
7.荷爾蒙接受體 (hormone receptors, ER/PR)
乳癌與荷爾蒙接受體的表現有著非常密切的關係，大量的文獻報告早已證實荷爾蒙接受體是一重要且獨立的預後因子。雌激素接受體 (estrogen receptor, ER) 及黃體素接受體 (progesterone receptor, PR) 的判讀在本院從 2001 年起已是病理報告的標準項目。利用免疫組織化學染色法 (immunohistochemistry stain, IHC) 判讀荷爾蒙接受體在組織內表現的程度，再依此決定是否給予如 Tamoxifen 或芳香環酶抑制劑等荷爾蒙治療。
8.ER2/neu
HER2/neu其結構是一橫跨細胞膜的接受體，在治療上提供了良好的標的，乳癌的病患約有 25% 具有 HER2/neu 腫瘤基因過度表現的情形。現行以 IHC 染色法作為判讀 HER2/neu 的常規方法，由於 IHC 染色法有時仍會有偽陽性或偽陰性的情形，美國國家癌症治療中心 (NCCN) 治療共識中建議操作及判讀的實驗室須定期接受檢測以確認方法及判讀品質無誤，在這樣的實驗室中若結果為 0 或 1+ 即代表 HER2/neu 陰性，3+ 為 HER2/neu 陽性，若結果為 2+ 則建議再做螢光原位雜交技術 (fluorescence in situ hybridization, FISH) 確認腫瘤基因是否有過度表現。HER2/neu 陽性的病患在統計上來說，預後較陰性病患來得差，但在其單株抗體 Trastuzumab (Herceptin) 應用於臨床之後，顯著改善了 HER2/neu 陽性患者的存活率及無疾病存活期。也因此，HER2/neu 的表現與否在臨床上是決定是否使用標靶治療的關鍵之一。
以上只簡列出目前歐美的治療共識中，與病理報告有關，同時會決定治療方向的幾項重要參考依據。事實上，病理醫師所列的報告內容往往更詳細，包括腫瘤壞死、顯微鈣化點、特殊染色等，這些內容以後是否也是重要的預後因子，則留待未來更多研究來證實。簡言之，閱讀病理報告時，腫瘤大小、淋巴結轉移數目決定了臨床分期。荷爾蒙接受體及 HER2/neu 表現與否則決定除了化學治療之外，是否需給予荷爾蒙治療或標靶治療。而以上所列這些預後因子，還包括腫瘤分化程度、淋巴血管侵犯之有無等等，則幫助臨床醫師判定病患的乳癌風險高低，從而決定是否需要化學治療或化學治療該給何種處方。乳癌的治療因為研究的蓬勃發展而有顯著的進步，發現罹患乳癌之後，千萬不要諱疾求醫，應該積極面對並與醫師討論，選擇最適合自己的治療方式，才有機會戰勝它！
乳癌病理報告常見的英文
Tis：原位癌
DCIS（Ductal Carcinoma in Situ）：乳管原位癌
LCIS（Lobular Carcinoma in Situ）：乳小葉原位癌
Non-Invasive Breast Cancer：非侵襲性乳癌
Invasive Ductal Carcinoma：侵襲性乳管癌
Invasive Lobular Carcinoma：侵襲性小葉癌
TNM：乳癌的病理分期
Tumor（T）：腫瘤大小
Bloom-Richardson grades：乳癌細胞分化等級（BR等級）
Differentiated：分化程度
Well differentiated：分化良好
Moderately differentiated：中度分化
Poorly differentiated：分化差
Margins of resection：組織邊緣
Negative margins：表示在組織邊緣沒有發現到乳癌細胞
Positive margins：表示在組織邊緣發現到乳癌細胞
clear margin：表示組織切除邊緣乾淨
close margins：表示組織切除的邊緣與癌細胞相近
Distant metastasis（M）：遠處轉移
ER（Estrogen Receptor）：雌激素接受體
ER+（ER-positive）：乳癌細胞對雌激素呈現陽性反應
ER-（ER-negative）：乳癌細胞對雌激素呈現陰性反應
PR（Progesterone Receptor）：黃體素接受體
PR+（PR-positive）：乳癌細胞對黃體素呈現陽性反應
PR-（PR-negative）：乳癌細胞對黃體素呈現陰性反應
HER2/neu（Human Epidermal Growth Factor Receptor 2）：人類上皮細胞接受器
IHC：免疫化學染色法檢查
FISH：螢光原位雜交法，用來判斷HER2/neu是否有過度表現的檢查法
Over Expression：Her2蛋白就會在細胞膜上過渡表現
High：高度惡性
Intermediate：中等惡性
Low：低度惡性
Paget’s Disease：柏哲德氏症
Regional lymph nodes（N）：局部淋巴結感染情形
Sentinel node：哨兵淋巴結(前哨淋巴結)
"
150,關於乳癌，賀爾蒙接受體（ER&PR）的狀態,"在病理報告中，癌細胞會呈現兩種荷爾蒙接受體的情形，一為雌激素接受體（Estrogen Receptor; ER），一為黃體素接受體（Progesterone Receptor; PR）。
如果病理報告上顯示乳癌細胞對雌激素呈現陽性反應（ER-positive； ER+）、對黃體素呈現陽性反應（PR-positive； PR+），表示乳癌細胞會受到雌激素、黃體素的刺激而生長。如果病理報告上顯示ER-negative(ER-)、PR-negative(PR-)，表示乳癌細胞的生長不受到雌激素與黃體素的影響。
雌激素陽性、黃體素陽性反應的病友，需要接受荷爾蒙治療，降低復發機會。抗賀爾蒙療法於更年期婦女補充賀爾蒙不同，停經前與停經後在賀爾蒙生成上的不同，會用不同的藥物治療，因此仍須依醫師指示服用抗賀爾蒙藥物。
"
151,關於乳癌，乳癌病友社會福利資源,"重大傷病卡：由醫師診斷定所罹患的傷病是屬於公告之重大傷病時，可向健保各分局申請重大傷病證明，癌症即符合重大傷病卡範圍。
符合重大傷病範圍者，醫療團隊會協助開立診斷書及檢附相關資料，經家屬交至本院住院中心，向健保局申請。
功用：門診及住院就醫，只要為重大傷病治療，或併發症相關治療，可免付部分負擔。

政府資源主要須有特定身分，如低收入戶、中低收入戶、勞保投保者及在學學生之家長，才享有的福利，若欲申請低收入戶或中低收入戶福利身分，可向戶籍地里長或公所社會課承辦人詢問；另亦有勞保傷病给付及家中有在學子女之學產基金補助。如為其他有負擔使家中陷入經濟困難的貧困病患，可至臺北榮總社工組申請，詳細如下表。
醫療補助
資格：低收入戶或中低收入戶。
如何申請：檢附申請資料寄至各區公所或縣市政府申請。
補助項目：健保無幾付之自費項目，必須為無法替代、無其他健保可使用之項目者。
補助額度：低收入戶補助100%、中低收入戶扣除2萬元後80%。
馬上關懷、急難救助
資格：負擔家庭主要生計責任者罹患重傷病致生活陷於困境。
如何申請：至居住所在地區公所社會課申請。
補助額度：1萬至3萬元救助金。
時限：事發後3個月內。
學產基金
資格：家中有18歲以下在學中子女，子女多以一個為限。有資產調查，請檢附父母財稅資料。
如何申請：檢附重大傷病卡證明及申請書至學校申請，因各學校申請單位不一，可先詢問子女導師。
補助金額：2萬元。
時限：領到重大傷病卡後3個月內。
勞保傷病给付
資格：投保勞保中，且自住院第4天起给付。
如何申請：檢附勞工保險傷病給付申請書暨給付收據及診斷書，向勞保局申請。给付金額：自第4天起给付投保日薪半額。

社會心理資源部份主要有新北市家庭服務中心、張老師、生命線、台中市心理衛生中心、馬偕協談中心平安線、宇宙光輔導中心，提供心理、電話諮詢服務，對於較不好意思與他人述說的，也可以多多利用此資源喔。

社群資源部分當然有最熟悉的開懷協會、癌症希望協會、中華民國乳癌病友協會、癌症資源網、慈濟慈善事業基金會、善願愛心協會（營養品提供、生活費補助、子女教育費補助、喪葬費補助）等提供資源協助。

"
152,關於乳癌，乳癌常見治療方法有哪些？治療副作用會有什麼？,乳癌治療以手術為主，其他還有全身性的化學治療、標靶治療、荷爾蒙治療以及局部性的放射治療為輔。現今更邁向個人化量身訂製的精準醫療，採集病人的腫瘤切片或血液，找出每個人疾病背後的基因異常或變異，精準分類治療。
153,關於乳癌，為什麼要做化療?,"「化學治療」（化療）是一種治療癌症的方式，以細胞毒性藥物 (cytotoxic drugs) 消滅或抑制體內癌細胞。 
化療的原理是怎樣的？
細胞毒性藥物透過血液循環，經過身體各部位，並以干預乳癌細胞生長及分裂的方式，將其破壞。化療藥物多是混合幾種使用，原理同樣是破壞細胞增生的能力。然而，由於化療藥物不能分辨癌細胞及正常的體內細胞，故此口腔內膜、骨髓、毛囊以至消化系統的細胞，亦不能倖免地被化療藥物破壞。於是，接受化療每每出現一些令人不適的副作用，但這些不適是暫時性的，會隨著健康細胞再次生長而減少及停止。
化療的好處是什麼？
破壞所有癌細胞，有助治療癌症。
減低日後乳癌的復發機會。
手術或電療前接受化療，可令癌腫瘤體積縮小。
控制癌症擴散，減輕可能出現的症狀。
誰決定使用化療？病人與腫瘤科醫生作詳細討論後，再由腫瘤科專科醫生決定是否適合採用化學療法。醫生作考慮的因素，包括腫瘤期數與大小、以及有否出現淋巴擴散等情況。此外，腫瘤的生物特性如受體的狀態，也是重要的考慮因素。
"
154,關於乳癌，乳癌標靶藥物,"分為 4 類:HER2 抑制劑：針對「人類表皮生長因子第二型接受體（HER2）」陽性。
CDK 4/6 抑制劑：針對荷爾蒙接受體陽性，阻斷「細胞週期蛋白依賴型激酶 4 和 6（CDK 4/6）」。"
155,關於乳癌，精準醫療,"標靶藥物升級延伸出第二代、甚且使用雙標靶藥物，大幅提升治療效果。除此之外，第三代標靶藥物也出現，把標靶和化療藥物結合成一個藥物，兼顧標靶藥專一性，加上化療藥物直接進入癌細胞裡，減少全身副作用。目前針對HER2陽性轉移性乳癌患者的治療，已進展到將現有的抗HER2(如賀癌平、泰嘉錠)與新的抗HER2標靶藥物- 賀疾妥雙重結合，並加上歐洲紫杉醇，以雙標靶加上化療的治療策略，讓患者的疾病無惡化存活期時間拉長，已成為治療HER2陽性轉移性乳癌的黃金組合。
國家衛生院院長梁賡義也指出，生技與藥物研究所已研發出一種雙重標靶藥物，融合標靶治療與免疫治療的雙重好處，更避開抗藥性限制，未來將應用在三陰性乳癌等多項癌症用藥開發。
"
156,關於乳癌，乳癌治療費用多少？哪些有納入健保？,"在台灣，絕大多數治療都有健保給付，但因為新藥新治療問世速度加快，健保還必須經過多道審查程序，包含對整體財務的衝擊等，使得新藥如果能拿到健保起付，很可能和最新治療準則（例如NCCN）有 2 年的落差。如果病人想在第一時間使用，必須自費。有的藥物每個月費用高達 10 幾萬、甚至 20 幾萬元。如果癌友沒有商業保險，自費治療是沉重負擔。
根據癌症希望基金會最新調查顯示，自費已成癌症治療常態，在手術、化療、標靶與免疫治療中，近 7 成 5 病人都有自費情形，2 成癌友自費金額破百萬； 4 成的第三期/第四期病友自費金額 50 萬元以上，2 成 5 自費金額上百萬， 自費項目多為標靶治療 ( 53% )與免疫治療( 13% )，癌友大多承受了巨大的經濟壓力。
"
157,關於乳癌，化學治療副作用與飲食改善,"噁心嘔吐
少量多餐，以防胃部過脹。細嚼慢嚥，要有充分的時間進食，以利消化。避免空腹或一次吃太多、太飽。
進食時，避免同時喝水或飲料。食物溫度也要適中否則容易刺激嘔吐。
起床前後或運動前可吃較乾的食物，如餅乾或吐司，可抑制噁心，在運動後勿立即進食。
食用清淡食物，喝清涼不含甜味的飲料，可減輕症狀。
覺得噁心時，可試著以深呼吸的方式來緩解。
避免太刺激或味道太強烈的食物。
應注意水份及電解質的補充。
避免一些特殊的氣味（如香煙、香水、食物異味）來影響自己的心情。
在接受化學治療前二小時內應避免進食，以防止嘔吐。
很嚴重時，請主治醫師進行治療。
腹瀉
採用低纖維食物，以減少糞便的體積。
注意水份及電解質的補充，可多選用鉀含量高的食物，亦可用運動飲料補充水份、電解質。保持定時定量。避免過熱食物，因高溫會加速腸胃蠕動。忌食會產生胃氣痙攣的食物。忌吃高纖維食物（因會加強腸胃蠕動）。避免攝取過量的油脂，油炸食物或太甜的食物。腹瀉嚴重時，須考慮選用清流質飲食，讓腸道獲得休息。避免刺激性食物（如咖啡、茶、調味太重、調味太甜的食物）。
便秘
多吃高纖維食物以及多喝水或果汁。
放鬆緊張或憂鬱的情緒，並做適當運動。
養成良好的排便習慣，嚴重時依醫師指示服用軟便劑。
口腔潰瘍
保持口腔衛生避免感染。
避免刺激性食物或果汁。
可採用軟質而容易吞嚥的食物（如粥、椰奶、西谷米等）。
利用吸管吸吮液體食物。
保持口腔清潔，避免感染。
常用冷開水漱口，可去除食物殘渣及細菌，以免影響傷口的癒合。
少用調味料，特別是鹽會使口腔發熱不適。
忌菸酒。
口腔與喉嚨乾燥或疼痛
多吃水份高的食物、水或飲食。
隨身攜帶水壺，增加多次小口飲用。茶加檸檬汁可減低口乾的感覺。
口含冰塊：但口腔有潰瘍情形時，則應避免。也可口含一些不太甜的糖果或口香糖，以增加唾液分泌。
浸泡食物在湯或水裡，使其軟化易於吞嚥。
用果菜機將食物絞碎。
用吸管吸食。
吃軟質的食物：如冰淇淋、布丁、西瓜、嬰兒食品等。
太甜、太熱、太辣、含有酒精的飲料應避免。
 
白血球下降
進食高蛋白、高熱量及富含維生素A、C、E和礦物質的食物。
盡量不食生菜、生肉，最好帶皮的新鮮水果。
避免暴露在冷風及公共場所，更須避免接觸已受到感染的人。
如有發燒、喉嚨痛、咳嗽、鼻塞或是感到排尿燒灼時請告訴醫師。
"
158,關於乳癌，什麼是臨床試驗?,"簡單的說，臨床試驗就是應用科學方法，探討一個新的治療藥物或模式，是不是比傳統的治療方式效果更好？經由這樣的科學研究方法，找到對人類更新更佳的治療模式，促使醫學發展更進一步。
臨床試驗存在的價值?
對病人而言，目前所有認為理所當然的治療藥物或方式，都是前人的臨床試驗所累積的寶貴成果。舉例來說，對一個癌症的病人，法律准於醫師將一個可能降低白血球，增加病人感染風險的化學藥物注入人體內治療疾病，甚至冒著其他組織或器官功能可能受損的風險 ，其憑藉的就是證實該化學藥物對於某特定疾病有具體療效的實驗結果，臨床試驗的結果能幫助醫師發現有效且安全的新療法，如果試驗結果證實新的療法比舊療法更有效，就可能成為新的「標準療法」，進而改善病人的疾病，成就一個新的希望。
什麼期況下需要臨床試驗?
如果臨床試驗探討的問題重要性不高，探討的問題違背一般普遍的認知或問題的答案顯而易見，這些試驗就沒有存在的價值。臨床試驗要探討的問題一定是目前的治療過程或效果不夠理想，臨床試驗要提供一個新的機會，以期改善目前的治療效果或副作用。
臨床試驗安全嗎?
就藥物而言，進入人體之前，一定要有充分的臨床前期結論支持 (包含細胞及動物上的研究) ，才能啟動藥物在病人身上，同時先要徵求健康志願者，找出最適宜的藥物劑量，研究的對象初步須從現有治療方式控制不佳的病人進行，如有正面的結果，才會進一步令人振奮的療效，才會擴大研究對象，進行較大規模的臨床試驗。在醫療院所執行的臨床試驗研究，都需要備妥完整的研究計畫書，包含啟動研究的科學證據，詳細的知情同意書等等，經過該醫療院內的人體試驗倫理委員會的審查，人體試驗倫理委員會的成員組成包括醫療專業人士、社會公正人士、法律專家、統計專家及病友等組成，以獨立、專業且嚴謹的態度審查每一案的臨床試驗研究計畫，審查的重點包含進行試驗的目的、試驗程序等、其他可能替代的治療方式、參與研究的副作用、風險、好處及有無損及病人權益等，並須確保這些風險帶來的可能傷害已經盡力降到最小程度，並評估參與研究者能從本研究中得到的預期好處，此研究可能會治癒疾病、可能不會治癒疾病但可改善受試者的生活品質，或對參加的人可能不會有好處，但對醫學研究的進步或對未來患有相同疾病的人可藉此發現新的治療方式而有所貢獻等，以決定是否通過該計畫。倘若該試驗之受試者風險大，而對於科學知識沒有任何好處的研究，將不會通過審查。順利通過執行醫院之人體試驗倫理委員會審查後，尚需進一步送交行政院衛生福利部核准，才可正式執行。多重且繁複的審查機制就是要確保受試者及民眾的健康與福祉。
參加臨床試驗有什麼好處?
參加臨床試驗的病人，除了有機會得到最新的藥物治療，且在參與臨床試驗的過程中，因有特定的治療計畫及規則，且有專業研究團隊成員的協助，專屬的臨床研究人員對受試者嚴密的監控健康狀態，因此會得到比一般病人更多且更嚴謹周全的照顧及監測。除此之外，臨床試驗研究結果更是促進醫學進步的重要證據，對於醫學研究有非常大的貢獻。
參加臨床試驗有無副作用?
任何治療即使是標準療法也可能存在有不等的副作用和風險，臨床試驗當然會因為療法的類型和病人的情況而存在有副作用及可預知或不可預知的風險。尤其，治療的副作用是因人而異的， “新”的試驗領域，除了帶來令人期望的好處之，也可能會帶來不可預知的風險和副作用。參加試驗的受試者，有權在任何時間因為個人意願而隨時終止參與試驗，並且獲得適當的醫療照護。
臨床試驗的分期（Phase I、II、III、IV）代表什麼？
第一期臨床試驗（Phase I）：主要是進行人體的藥物學研究，對象可能為健康的受試驗者，或某些特定疾病的受試驗者族群，主要是為瞭解藥品在動物階段的療效和人體是否一樣，找出藥物對人類治療的安全劑量。
第二期臨床試驗（Phase II）：為探索藥物的治療效果。
第三期臨床試驗（Phase III）：與現行的標準療法作比較，評估藥物應用於適應症及受試者是否有效果及安全性。
第四期臨床試驗（Phase IV）：則是藥物上市後的追蹤。
病人如何看待臨床試驗?
現有的治療選擇或療效不盡完善，才有臨床試驗存在的空間。而臨床試驗在學者專家的層層把關與審核，須能充分保障病人的權益方可執行。因此，美國國家癌症資訊網的專家共識是鼓勵無法治癒的病人參加臨床試驗研究。因此，當您的主治醫師與您提及臨床試驗時，我們鼓勵病人以正面態度看待臨床試驗，勇於跟您的主治醫師討論參與臨床試驗的利弊得失。
"
159,關於乳癌，參加臨床試驗變成白老鼠？,"美國國家癌症資訊網（NCCN）提供的專家治療共識認為，對任何一位癌症病患最好的治療方法是提供適當的臨床試驗。對於臨床試驗的觀念，早已打破過去宛如被當成白老鼠的形式。好的臨床試驗必須符合人體試驗倫理，對於受試者提供標準以上的治療方式，也就是治療選擇中，最少需包含符合現行治療共識中的標準治療，再視分組情形加上實驗藥物。對於受試者，必須有標準流程監測其服藥情形、副作用、相關檢查及後續追蹤，訂有停藥標準及藥害處理流程，也因此對受試者能確保服藥順從性，完整治療並定期追蹤。
能進入（新）輔助性治療的藥物試驗，必須在實驗室（臨床前期，pre-clinical）及多重藥物治療後失敗的轉移性腫瘤上證實有效，且通過藥物動力學研究，了解其藥理、毒理學機制、適當劑量及可能副作用後，才能進一步用在手術前後的輔助性治療上。現有的臨床試驗多屬第二、三階段的臨床試驗，所謂臨床試驗第二階段（Phase II）為選擇少數病患（約 100 名），初步觀察該藥物可能之療效，以確定適當的治療劑量與範圍，並提供是否進入臨床試驗第三階段（Phase III）之參考；臨床試驗第三階段（Phase III）則為大規模的收集病患達數百或數千人以上，也通常為跨國際多醫學中心之聯合試驗，目的為客觀確認藥物療效、適應症、交互作用等，因此，此階段之試驗通常花費最為龐大的金錢、人力及物力。乳癌病友應充分了解醫師為您制訂的治療計畫，詢問是否有適合的臨床試驗可以參加，對於治療的完整性，相信能提供更多選擇。
"
160,關於乳癌，三陰性型乳癌治療的現況與進展,"隨著分子醫學與病理診斷的進步，乳癌已不再被視為一個單一的疾病。換言之，乳癌是一群長在乳房的惡性腫瘤的「集合名詞」，因為不同的乳癌類型，在臨床治療的選擇上就有許多極大的差異存在。

 

依據乳癌大量基因微距陣列分析的結果，乳癌可依據基因表現大分為管腔細胞 A 型、管腔細胞 B 型、HER2 陽性型及基底細胞型。然而，由於微距陣列分析運用於臨床仍多在研究階段，而 2011 年 以分析五十多個基因將乳癌病患分成四類的新產品 PAM 50 已經問世，但目前在台灣還不能做。故現階段而言，區分不同乳癌類型的分子標記仍是以動情素接受體（estrogen receptor，簡稱 ER）、黃體素接受體（progesterone receptor，簡稱 PR）及 HER2 接受體這三個標記為主。

 

而所謂三陰性型乳癌，即是指 ER 陰性、PR 陰性，及 HER2 也呈現陰性的腫瘤。這類腫瘤並不完全和基因分析所得的基底細胞型相同；大致上，約 75% 的三陰性型病患屬於基底細胞型，而同樣的，75% 的基底細胞型屬於三陰性型，因此三陰性型乳癌病患和基底細胞型乳癌有許多共同的特徵，也就導致這兩者常常相提並論。依據最近的研究結果，三陰性型病患中不屬於基底細胞型的病患在微距陣列基因分析也有特點，而目前被稱為 claudin-low 型，約佔三陰性型病患的 25%，而佔所有病患的 5~10%。

 

三陰性型乳癌有許多和其他類型乳癌不一樣的特點，包括：比較容易發生於小於 40 歲的病患、BRCA1 突變發生的機會較高（根據西方國家的資料，三陰性型的乳癌病患有 BRCA1 基因缺陷比例達 25%，而一般乳癌病患則為 2%）、乳癌細胞的分化常呈現高惡性，腋下淋巴結轉移的程度常與原發腫瘤的大小無關（意思是原發腫瘤雖可能很小，但卻可能已轉移至腋下淋巴結了），比較糟糕的問題是復發的機會較其他類型的乳癌為高，腦部轉移的比例也高，進而導致死亡率也較高；而三陰性型乳癌復發的風險在初次治療後的 1～3 年內為最高，顯著的較 ER 陽性之管腔細胞 A 型及 B 型為快，之後則明顯降低到與其他類型乳癌差不多的地步。屬 claudin-low 型的三陰性型病患臨床特徵則目前不明。

 

在治療考量的現實上，因為三陰性型乳癌既沒有 ER 及 PR，也沒有 HER2 接受體，所以病患對各類荷爾蒙治療藥物是無效的，抗 HER2 的藥物對這種乳癌當然也不會有效。所以目前治療三陰性乳癌的主幹為化學治療，而一些新型的標靶治療藥物則是未來的發展方向，至於手術與放射治療的部份則與其他類型的乳癌差異不大。

 

三陰性型乳癌的藥物治療可分成三個情況來考慮，
1. 未治療過、而局部腫瘤較大的早期乳癌病患可選用手術前化學治療；
2. 一般手術後的輔助性化學治療；
3. 復發或轉移時的化學治療。
就手術前化學治療而言，目前大多數的臨床研究發現，未治療過的三陰性型乳癌其實對手術前化學治療的效果（指腫瘤縮小的反應率）比其他類型的乳癌要好，特別是能達到病理完全反應（指在手術前化療後，腫瘤在手術後的病理標本完全消失不見）的病患比例更高；但在預後上，能在手術前化療後達到病理完全反應的病患預後非常好，但未能達到病理完全反應的病患，則預後相對較差，而且也持續其「本性」，預後比其他接受相同治療的其他類型的乳癌病患更差；復發及轉移高峰期在前 1 到 3 年之內。至於什麼是手術前化療最好的化療藥物及處方，目前認為包含小紅莓類藥物（doxorubicin、epirubicin 等）及合併紫杉醇類藥物（taxanes，即 docetacel 及 paclitaxel）的處方（可合併或接續使用），可達到比較高的病理完全反應的機會，進一步改善病患的預後，至於新的化療藥物及標靶治療藥物如何於手術前的化療中使用，則有待將來許許多多正在進行的臨床試驗證實，下文中也會提及這些對三陰性型乳癌有效的新藥。

 

在針對三陰性型乳癌的一般性手術後的輔助性化學治療方面，原則其實和手術前化療相似，目前認為包含小紅莓類藥物及紫杉醇類藥物的處方（一樣可合併或接續使用）可能是最起碼的使用藥物，然而什麼是最佳的輔助性化學治療處方，目前因為各項臨床試驗都尚在進行中而無定論。

 

在三陰性乳癌發生轉移的治療部份，小紅莓類藥物及紫杉醇類藥物雖然反應率可能還不錯，但這可能只限於在手術後輔助性化學治療未使用過這兩種藥物的病患；將來醫師面對的，常常是在手術後輔助性化療已使用過小紅莓類藥物及紫杉醇類藥物的病患。但剛剛提過三陰性型乳癌復發及轉移的高峰期在 1～3 年之內，而愈快復發的病患可以預期腫瘤細胞對小紅莓類藥物及紫杉醇類藥物產生抗藥性的機會愈高；而且，轉移性三陰性型乳癌的腫瘤雖然一開始對未曾接觸過的傳統化療藥物反應雖不差，但效果持續時間往往較短，也就是說腫瘤會很快產生抗藥性，而在對多種藥物無效之後，病患就很快面臨無藥可用及死亡的難關。因此，一些新的化療藥物及標靶藥物就被寄以重望，一方面希望多一些不同的藥物當作後線治療之用，更重要的是則是克服三陰性型乳癌本身「天生」的抗藥性機轉，提高反應率，延長治療有效的時間，進一步改善病患的存活。

 

至於目前被寄以厚望，有一些初步成果的藥物包括哪些呢？在化療藥物上，包括鉑化合物（platinum，如cisplatin、carboplatin、oxaliplatin 等），新的化療藥物 ixabepilone 等是可能比較有效的藥物。而在標靶治療的藥物上，則包括抗血管新生藥物 bevacizumab（Avastin 癌思停）、PARP-1 抑制劑（如 olaparib），及抗 EGFR 製劑（如 erlotinib、cetuximab 等）都是目前具有潛力的抗三陰性型乳癌藥物。當然，這些藥物要如何併入或取代傳統小紅莓類藥物及紫杉醇類藥物處方，不論是手術前化療、輔助性化療或是轉移性乳癌化療，目前都有許許多多的臨床試驗在如火如荼的進行中，值得期待。

 

站在醫師的立場，我們也鼓勵三陰性型乳癌的病患積極加入臨床試驗；一方面在現代醫學倫理及人權的保障下，進入臨床試驗的病患會在治療權益不受損害的情況下獲得最新的治療與嚴密的追蹤，另一方面也因為進入臨床試驗病患的貢獻，早日解開如何治療三陰性型乳癌之謎。

 "
161,"關於乳癌，外科手術
這是乳癌治療最重要的一部分，目的在於完全切除腫瘤和腋下淋巴結廓清，盡量排除淋巴結致癌細胞轉移，這是乳癌患者最重要的預後因子。整體來說分為兩種：乳房保留手術、乳房全切除手術。同時根據淋巴腺有無轉移，進行腋下淋巴廓清術或前哨淋巴結摘除術。
","淋巴系統的主要功能為大分子（脂肪、蛋白質、免疫物質、淋巴球）及水分的運送。由四肢遠端的淋巴管運輸到淋巴結，匯集後最後回流到心臟血管系統。當淋巴結經過手術摘除、放射線治療、或局部感染後，淋巴管受到破壞，因而容易造成淋巴液及蛋白質大量堆積在組織間隙，就產生了淋巴水腫。
有別於一般水腫，因淋巴液富含蛋白質，一旦堆積於皮下組織，很容易引起皮膚及膚下組織的硬化，甚至局部慢性發炎及感染，若早期發現，應儘早諮詢及尋求復健科醫師協助。（推薦閱讀：乳癌術後別怕「動手」　運動＋按摩防淋巴水腫）
"
162,關於乳癌，化學治療,"1. 開刀側上肢或胸背部腫脹（手肘上下10公分與術前或健側比相差2公分以上）。
2. 開刀側上肢皮膚及皮下組織摸起來變硬、變厚、變粗（將前臂或手背皮膚提起來厚度超過2毫米）。
淋巴水腫目前沒有可完全治癒的方法，復健治療的目標以減輕腫脹、維持治療效果、及預防併發症（蜂窩性組織炎、皮下組織纖維化）為主。對於長期服用利尿劑的患者，目前沒有實際療效的文獻證實。
"
163,關於乳癌，標靶治療,"一、皮膚照護：
良好的皮膚照顧是預防及治療淋巴水腫的第一步，可避免感染或發炎。為避免皮膚乾燥脫屑、龜裂或外傷（如蚊蟲傷或做家事需高溫烹飪時），可穿戴手套以保護皮膚，及塗抹弱酸性水溶性乳液保持保濕狀態。平時也應避免高溫日曬、浸泡三溫暖或溫泉等，避免血管擴張增加淋巴水腫的生成，又若穿緊身衣物，也會影響淋巴液的回流而加重淋巴水腫。
二、徒手淋巴引流：
使用特殊的手法，用膚感的輕柔力道促使皮膚淺層的初始淋巴管吸收囤積在患肢的淋巴液，將引導向仍有功能的淋巴系統區域，以達減輕腫脹效果。
淋巴引流原則：(1) 先開通腫脹肢體近端且正常的淋巴結及吻合管（頸部與健側腋下），增強及加速淋巴血管收縮的功能，並把該處的淋巴液先排空 →(2) 清空軀幹區域的淋巴液 → (3) 清空近端患肢淋巴液，再逐漸向遠端清空患肢淋巴液 → (4) 最後重複清空胸部軀幹至正常的淋巴結。初期需先向受過訓練的醫療人員學習，後續的維持可居家自我引流。（推薦閱讀：乳癌淋巴水腫　加入這個油最有效）

三、壓力治療：
堆積久的淋巴液容易損壞皮下組織的結構，所以需要用外部加壓來支撐缺乏纖維彈性的組織，同時可軟化皮下的纖維組織以及防止體液的回流。在第一階段的消腫期利用低彈力繃帶以增加組織壓力、減少淋巴液的產生、促進回流，應配合專業徒手淋巴引流後使用。（注意：低壓繃帶與與壓力袖套等產品健保皆不給付，購買前建議先詢問醫師。）穿戴的時間，除了洗澡外，儘量全天使用效果最佳，但仍以自己能適應的為主，夏天期間也要考量避免皮膚發癢、出疹，或過於影響生活品質。過了第一階段的消腫期要進入第二階段的維持期後，白天可以換成壓力袖套，晚上仍舊綁繃帶。
四、治療性運動：
穿戴低壓力繃帶若再加上運動時肌肉的收縮，由於肌肉與繃帶互相擠壓，可促進淋巴的回流。
五、循環加壓器：
當皮下纖維化的組織透過低壓繃帶軟化了，以及受阻礙的淋巴區的出路透過徒手淋巴引流打通後，可利用循環加壓器進行輔助治療，幫助移除組織中的淋巴水份。但做完循環加壓器後仍需穿戴低壓繃帶或壓力袖套維持治療成效。
"
164,關於乳癌，荷爾蒙治療,"服食荷爾蒙藥期間若懷孕，會增加畸胎的風險；但等到完成治療後，年紀已漸長，生育能力亦將下降。
至於需要化療的病人，因化療藥令經期紊亂，即使之後經期回復正常，卵巢的排卵能力會下降，所以會在化療前取出自己的卵子，體外人工受精(IVF)，再把胚胎儲存。但由於醫護人員需要與病人作較長時間商討，籌備過程需時，或對化療造成延誤。
到底乳癌康復者是否適合生育?最好是諮詢醫生意見，評估乳癌的復發風險。假如自己沒有健康的身體，又怎能照顧好孩子呢!
"
165,關於乳癌，免疫治療,"根據世界衛生組織的定義，骨質疏鬆症是一種骨骼疾病，患者的骨量減少，較容易骨折。正常骨骼的節構比較緊實，而骨質疏鬆症患者的骨骼節構比較空洞。
人體內有兩種細胞與骨骼的代謝有關，一種稱為蝕骨細胞，另一種是成骨細胞。蝕骨細胞與骨質再吸收有關，會破壞老化骨骼，讓老化骨骼重新被人體吸收，而成骨細胞能生成新的骨骼。當這兩種細胞維持平衡狀態時，人體骨骼可以正常代謝，保持健康。但是，如果因為老化，或賀爾蒙變化等因素，導致蝕骨細胞的活性大於成骨細胞活性的時候，就會引起骨質疏鬆症。
影響成骨細胞及蝕骨細胞的因素包括年齡及賀爾蒙。年紀輕時，成骨細胞的活性大於蝕骨細胞，骨頭生長能力強。到 35 歲左右，兩者的活性相當。但過了 35 歲，成骨細胞的活性逐漸下降，骨直流失的速度比骨直新生的速度快，使骨密度逐漸降低。如果又因為更年期停經或乳癌治療等因素，使得雌激素降低，更會加速骨質流失，提高骨質疏鬆症的風險。
骨質可以藉由儀器掃描髖骨與腰椎進行骨密度分析。檢查值以T值表示，正常T值應該大於 -1。如果小於 -2.5，就代表罹患骨質疏鬆症。
一般而言，骨質疏鬆的檢測並不是例行性的檢查，但如果是骨質疏鬆症高風險的患者，建議接受檢查。
骨質疏鬆症高風險族群
骨質疏鬆症高風險患者首先就是停經婦女。由於停經婦女，體內因為賀爾蒙改變的關係，骨質流失速率較快。再來就是曾經接受賀爾蒙阻斷劑治療的乳癌患者，骨質流失速率也較快。最後則是癌症患者如果有轉移到骨頭的情況，骨折發生機率也比較高。
骨質疏鬆症與體內的賀爾蒙有關。而乳癌患者接受的治療中，賀爾蒙治療與化學治療都是關鍵。化學治療或賀爾蒙治療藥物，都會影響體內的賀爾蒙。進而加速骨直流失。提高骨直疏鬆症風險。因此身為乳癌患者，一定要留意自己的骨骼健康。
骨質疏鬆症預防
乳癌患者雖然是骨質疏鬆症的高風險族群，但不是所有乳癌患者都會發生骨質疏鬆症。最重要的是，骨質疏鬆症是可以預防的。根據台灣骨質疏鬆學會的建議，預防骨質疏鬆症的第一步就是補充適量的鈣質維生素 D。
骨質疏鬆症治療
原則上建議每人每天應該要補充元素鈣一千兩百毫克，維他命 D 八百國際單位。只要是骨質疏鬆症的高風險族群，都可以補充鈣片來確保鈣質補充量。
一般而言，每個人每天可以從飲食中攝取鈣五百毫克及維他命 D 三百國際單位。由於每個人每天的飲食都不同，鈣及維他命 D 的攝取量多少有些差異，建議可以諮詢營養師，討論每天的飲食內容後，再看看還需要補充多少鈣片。
最後，鈣片並不是吃越多越好，攝取過多的鈣片可能會增加高血鈣症，或是提高腎結石的風險。鈣片的攝取原則為一次一錠，每天服用兩到三次，飯後嚼碎服用。除了透過飲食或藥物補充鈣片外，規律運動就是健走、慢跑、爬樓梯等運動，配合適度的曬太陽不但可以強健肌肉，還能增加骨質密度，降低骨折的風險。
"
166,關於乳癌，化學治療,"因為治療的緣故，乳癌患者較大機會出現骨質疏鬆。若要減低風險，可從飲食、運動、戒煙酒等多方面入手。
飲食方面，除了從脫脂奶製品或小魚乾、小蝦米等攝取足夠鈣質外，維他命D亦不可少。維他命D可幫助吸收鈣質，衞生署建議每星期讓柔和的陽光曬臉及手兩至三次，每次約半小時，便能令皮膚製造足夠的維他命D。此外，吃太多高鹽的食物，如火腿、肉腸及即食麵等，又或喝含咖啡因的飲品，都會令鈣失掉，最好避免。咖啡因飲品不限於咖啡或濃茶，還有含咖啡因的汽水及運動飲品。台灣的財團法人台灣癌症臨床研究發展基金會亦指出，富含草酸的食物，像菠菜、扁豆、花生及朱古力等，應避免與富含鈣的食物一起進食，以免影響吸收。
有些病友患病後開始茹素，她們可選擇蛋奶素或奶素，以免因大量進食纖維質（一天不宜超過50克）而妨礙鈣及鐵等礦物質吸收，間接影響骨質密度，增加骨質疏鬆的風險。素食者選擇的食物更要多樣化，例如多吃富含鈣質的豆製品及深綠色蔬菜。
飲食之外，運動也是強化骨骼的重要一環，原因是骨細胞需要受運動的刺激，才能好好地自我增生，亦能更好地吸收所攝入的鈣質及其他有利骨骼健康的礦物質。根據美國National Osteoporosis Foundation的資料，兩大類運動可以健骨護骨：負重運動及肌肉強化運動。
負重運動是指可抗衡地深吸力的運動，又分為高撞擊力及低撞擊力兩類。前者包括跳舞、遠足、緩步跑、爬樓梯及網球等；後者包括踏樓梯機，急步行，太極等運動。如果曾因骨質疏鬆而骨折，又或有骨折的風險，應選擇低撞擊力的負重運動。肌肉強化運動又稱阻力訓練，即採用不同工具輔助做舉起或拉動等動作，這些工具包括彈力帶、健身及舉重器械等。
全部切除還是局部切除?
"
167,關於乳癌，雙重標靶藥物開發,"迷思一: 有國家品質保證標章的健康食品具有神奇療效?
健康食品與保健食品的最大差別，就是有小綠人標章的食品叫做健康食品。 保健食品並無小綠人標章，泛指一般食品，不能標示有保健功效，例如維他命或礦物質等食品。而健康食品指具有保健如增進民眾健康、減少疾病危害之功效，這兩者均不可宣稱有治療人類疾病，例如抗癌，治療B型或C型肝炎等之醫療作用。因此根據法規 「健康食品若是宣稱具療效」就是不實的廣告。而國家品質標章 (SNQ, Symbol of National Quality)，也代表品質保證與使用安全的意思。保健食品、健康食品與國家品質標章的審查，都是以產品由原料、半成品、到成品的製作過程中品質檢測及上市後對消費者的保護，皆符合國家的要求。因此國家審查的範圍包括產品特色、實用效益、品質管制、安全與衛生為主要範疇，重要的是並沒有審查有沒有治療疾病的功效，因為這部份是要納入藥品的審查範圍，而藥品的療效是必須經過嚴格的臨床試驗才能斷定的。
那很多病友都說 :「那廠商或是傳說中都說這健康食品有抗癌作用，他們怎麼還可以說有療效?」 這關鍵在於廠商申請認證的時候，完全符合國家審查的機制，但是一旦通過之後，經過大力「避重就輕」的宣傳及許多人的「以訛傳訛」，就成為真的有治療疾病作用了。所謂的「避重就輕」就是提出比較誇張宣染的宣傳，而避開提供國家審查時的證據。舉例來說，某家廠商提出該產品有「護肝」作用研究報告，可減少肝臟損傷的程度 (降低ALT, AST等)。其實該產品在送審的時候只是提出「針對化學性傷害的肝損傷有保護作用」的報告，而台灣地區的肝病大多是B型或C型肝炎而很少是化學性傷害導致的肝炎。嚴格來說，這是不科學且不恰當的結論。
事實: 有國家品質保證標章的健康食品是不能宣稱有神奇療效的。
迷思二: 天然ㄟ尚好，天然的食品一定很安全 ?
「醫師，我得乳癌，聽說不能喝豆漿，也不能吃山藥，這個不能吃，那個不能喝，那我到底能吃甚麼?」，這是許多乳癌病友很關心的切身問題。許多例如山藥，大豆，月見草等天然植物，其內含有植物性女性荷爾蒙，長期食用會影響乳房的疾病。其實，如果屬於食品類的食物，例如有些女性自己打豆漿喝，只要一天一小杯，其植物性賀爾蒙吸收劑量應該不會影響乳房疾病的。但是有些婦女會自行將一周份的豆漿打好，可是又擔心豆漿放久了會壞掉，所以一天喝兩杯 500 cc，如此一來，時間久了就容易造成乳房疾病的產生。反之，經常服用植物的萃取物(如膠囊或藥片)，其吸收成分比例會增高，可能會刺激乳癌細胞的增生。因此，一般飲食如服用天天少量豆漿或偶而吃一頓山藥排骨的餐點，應該不會有問題。但是不要天天食用，尤其是不要經常服用經過萃取 (膠囊或藥片) 的植物性藥物或健康食品。
事實: 天然ㄟ尚好，是指吃天然而非人工添加的食品。有一句話“食物天天吃就是藥物，藥物天天吃就是毒物”就是對「藥食同源」這句話最好的註解。
迷思三: 市面上 「X芝健康食品」，有增加免疫力，還有抗癌的作用?
以市面上「X芝健康食品」為例，其成分中含有多醣體，具宣稱有促進免疫的作用。可是其申請國家健康食品審查時，是以「護肝」作用而且針對化學性傷害的肝損傷有保護作用。甚至在注意事項中提出「本產品不能治療矯正任何疾病，有病者仍需就醫」的標示。這種增加免疫力及抗癌作用的宣稱，不知從何而來。
「免疫力真的能夠天天促進嗎 ?」我們真的需要天天吃健康食品來加強免疫力嗎?根據動物研究顯示，多醣體在短時間給予是會促進免疫細胞的基因表現，但是若是長期使用，則原本促進的作用，會變成抑制的作用，這就是所謂的免疫適應。
事實: 人類的免疫是存在面對外來物質(抗原)，在體內所產生的防禦系統。B型肝炎疫苗就是針對人類的免疫系統設計的，因此不可能天天吃多醣體來促進免疫的，就像疫苗幾個月甚至一年才接種一次一樣」。
"
168,關於乳癌，運用基因檢測 更精準分類治療,"1.終身都能達到並維持健康的體重：保持體重在健康範圍內，避免成年後體重增加。
2.建議積極運動
成人每星期應進行150-300分鐘的中等強度運動或75-150分鐘的激烈運動，或是相等運動量之兩者組合，達到或超過300分鐘為佳。
兒童和青少年每天應至少1小時的中等強度或激烈運動。
限制靜態行為習慣，例如坐著、躺著、看電視以及其他觀看螢幕的娛樂，如手機、電腦等。
3.不論任何年齡都應遵循健康的飲食型態
健康的飲食型態包括：選擇營養素含量高的食物，達到並保持健康的體重；各種類型蔬菜-深綠色、紅色和橙色，富含纖維的豆類等；各種顏色的完整水果和全穀類。
健康的飲食習慣應限制紅肉和加工肉品、含糖飲料、過度加工的食品和精製穀類。
4.最好不要喝酒
若飲酒應限制女性每天飲酒不超過1份酒精當量，男性每天不超過2份。(1份酒精當量約為啤酒350cc，水果酒120-150cc，白蘭地40cc或高粱酒30cc)
政府機關應負責倡導並實施良好的政策，使人民能負擔購買營養食物的能力，提供安全方便的運動機會，並且鼓勵所有人少喝酒。
世界癌症研究基金會與美國癌症研究所（WCRF / AICR）建議保持體重在健康範圍，是指身體質量指數(body mass index，BMI)不超過25，世界衛生組織WHO對成年人定義BMI 25.0-29.9 kg / m2為過重，BMI≥30 kg / m2為肥胖，並進一步區分1級肥胖症（BMI，30.0-34.9 kg / m2），2級肥胖症（BMI，35.0-39.9 kg / m2）和3級肥胖症（BMI，≥40.0kg / m2）。同時針對所有癌別，均建議選擇富含膳食纖維的飲食，如「地中海式飲食」及「得舒飲食」，可降低罹癌風險，飲食份量建議：每天至少2.5-3碗蔬菜與1.5-2碗的水果；每天攝取30公克全穀類可以減少結腸直腸癌風險5%，此外鼓勵減少紅肉及其加工品，勿過量攝取精製糖，建議控制少於每日所需總熱量的10%以下，如2000大卡飲食，不可超過200大卡，即50公克糖。此外有氧運動可以減少體脂肪，故對防癌有益，而靜態生活習慣則有害。
由以上敘述可知，要降低罹癌風險，必須在飲食與運動部分積極努力，除了遵從正確的飲食型態之外，在運動的時間和強度方面，要求甚至超過以往，並不容易達到，因此切勿沉溺於3C產品，應摒棄靜態生活習慣，時時刻意活動，盡可能少喝酒或不喝酒，以遠離癌症的威脅。
"
169,關於乳癌，乳癌手術後為何還會淋巴結轉移？,腋下原有許多淋巴結，乳癌的腋下淋巴結廓清手術時只清除第一、二區的淋巴結，第三區以上的淋巴結，是不做處理的，往後有可能再復發轉移。病人平時要仔細觸摸。若有不正常硬塊，固定且持續存在，要趕快就醫，若是不正常組織，用影像學檢查，會發現和正常的淋巴結不一樣。
170,關於乳癌，認識乳癌骨轉移,"癌症骨轉移與骨癌的不同，骨瘤可以分為良性、低度惡性與高度惡性三種，但是最嚴重的仍為其它器官的癌細胞轉移至骨頭，造成骨骼出現腫瘤，稱為癌症骨轉移或轉移性骨癌。

 

造成癌症骨轉移的原因與症狀
一般癌症骨轉移好發的年齡層在成人階段（45 歲以上），常見的發生部位以脊椎骨和骨盆居多。由於骨骼是僅次於肺臟及肝臟易被癌細胞轉移的器官，因此，大多數癌症都有可能造成癌症的骨轉移，其中又以乳癌、肺癌、攝護腺癌等為最常見。若是癌症造成骨頭中的蝕骨細胞活化，而進一步破壞骨頭引起骨折、疼痛等症狀，則屬於蝕骨性骨頭轉移。

 

癌症骨轉移的惡化程度相當高，一般所知的症狀與其它骨癌相似，如患處疼痛，關節與肢體有局部硬塊及腫脹；如果腫瘤已經壓迫到神經或血管，患處肢體遠端還會有麻木感；此外容易發生病理性骨折或變形；有時骨痛痛楚難忍，尤其是在夜晚的時候。所以當有骨頭疼痛的症狀時，千萬不要掉以輕心。

 

骨損傷診斷方式
<放射學檢查>

骨骼同位素掃描：可用以評估有無骨骼轉移、骨腫瘤活性與軟組織是否侵犯骨骼，在轉移性骨癌的診斷上非常重要。
X 光片攝影：可用以判斷骨腫瘤的發生部位、轉移帶大小、骨骼受損的程度與情形等，作為初步診斷參考。
電腦斷層掃描與核磁共振掃描檢查：兩者類似，分別可作橫斷面與縱向面的檢查，屬於較新的發展。
骨生檢取樣檢查：即病理切片檢查，用以確立骨腫瘤診斷的依據，有助於決定是否採取其它輔助治療。
 

<實驗室檢查>

抽血檢驗：用以評估身體的狀況，並檢查血液中的鈣質或鹼性磷酸酶（alkaline phosphatase） 含量，以判別骨頭代謝是否正常。血液檢查是否發現有高血鈣症。
 

治療方法
治療癌症骨轉移骨損傷的方法，必須先了解造成轉移的原發性癌症是何種類型，再針對原發性癌症作治療；換言之就是以殺死癌細胞，同時並減輕癌症所引起的疼痛為治療考量。骨頭因為癌細胞的入侵，會變的非常脆弱，且支撐力量會減低，容易造成骨頭變形，病理性骨折有時需要開刀接受固定治療其他治療簡述如下：

 

雙磷酸鹽類藥物（bisphosphonates，如zoledronic acid）：這類藥物可以抑制蝕骨細胞的活性，減緩因癌症骨轉移以及多發性骨髓癌所造成的骨骼破壞，避免骨頭疼痛與骨折。

Zoledronic acid 使用方法：每三至四週以 15 分鐘的靜脈輸注方式給藥，並同時給予病患每日 500 mg 口服鈣質補充劑及 400 IU 的維生素 D。
Zoledronic acid 副作用：如同其它雙磷酸鹽類藥物，zoledronic acid 在病人靜脈輸注後也會有類似流行性感冒之症狀，如骨頭痠痛、發燒、疲勞和寒顫，也有約3% 的病人偶有關節和肌肉痛的症狀，但這些副作用多是輕微與暫時性的。
Zoledronic acid 注意事項：治療前應先評估是否保持水分充足；治療後應監測如血清鈣、磷酸鹽、鎂離子濃度及血清肌酸酐濃度等的標準高血鈣相關代謝參數。此外，尚必須監測腎功能，對所有發生腎功能惡化的骨轉移病人應停止給藥。
放射線治療：此主要是以高能量射線消滅癌細胞，適用於針對局部疼痛治療。但是由於放射線也會導致周圍正常細胞受損，因此不適合長期或多次治療。

化學治療：利用強效的化學藥物以殺死癌細胞，斷絕癌細胞的擴散，避免癌症骨轉移。但是如同放射線治療的影響一樣，化學治療也會造成某些正常細胞的傷害。

荷爾蒙藥物治療

 

Zoledronic acid 常見不良反應與處理方式
Zoledronic acid 是癌症骨轉移與多發性骨髓癌骨損傷常用的雙磷酸鹽類藥物，也是美國臨床癌症學會（ASCO）與美國國家衛生研究院（NCCN）對乳癌、多發性骨髓癌與攝護腺癌的建議治療藥物。

 

任何癌症用藥都可能有不良反應發生，但是 zoledronic acid 的不良反應通常為輕微的和暫時性的，類似於其它雙磷酸鹽化合物所導致的不良反應，包括類似流行性感冒的症狀（如骨頭痠疼、發燒、疲勞和寒顫）；也有報告指出，約有 3% 的病人會偶發關節痛和肌肉痛的症狀；血清磷酸鹽濃度降低；腸胃道方面產生包括噁心、嘔吐、食慾缺乏的不良反應；貧血；結膜炎；腎臟損傷等。

 

病患自我評估
有以下症狀時需求診排除癌症骨轉移可能性。包含出現和其它癌症患者類似的一般症狀如食慾減低、體重減輕、發燒等。而骨痛是癌症骨轉移最典型的症狀，有骨頭的疼痛加劇，而且愈來愈頻繁，在某個部位有連續性的疼痛骨痛，在晚間或躺臥時更為厲害，活動會使骨痛加劇等特點。而如果有發生皮膚潰爛，關節或肢體有局部硬塊或腫脹關節或肢體的行動受到限制肢體遠端因為神經受到壓迫而有麻木感，上述症狀有更加嚴重的情形請立即與您的主治醫師聯絡。"
171,關於乳癌，乳癌骨轉移與雙磷酸鹽類藥物,"骨骼系統是乳房、攝護腺、肺臟、和腎臟癌症患者的常見轉移部位之一。高達 70% 乳癌患者，及 40% 其他惡性腫瘤患者可能發生骨骼系統的轉移。隨著腫瘤治療進步，患者生命延長的同時，如何維持病患的生活品質，維護生活自主及免於疼痛是一個日趨重要的治療目標。

 

乳癌的轉移
當癌症病情進入轉移階段，癌細胞就會擴散到身體其他的重要器官組織。大部分癌症的死亡是由於癌細胞轉移至肺臟、肝臟、骨骼與腦部等器官所引起，而根據統計，乳癌經常轉移的器官是骨骼、肺臟、肝臟與腦部。
過去認為癌細胞要在原發病灶長到一定之大小（有如種子在土壤中長大），才會隨著淋巴循環或血液循環，蔓延到局部淋巴結或身體之其他部位，然而事實上有百分之二十至三十之乳癌病人，在還沒有淋巴轉移時，癌細胞已經有轉移到其它組織了，原因在於微小的乳癌細胞會透過血液的路徑漂流到其它遠端適合停留的器官，待時機成熟就會開始萌芽長大。這種轉移的過程猶如「種子與土壤」的關係一般。腫瘤週邊由於血管新生作用產生大量微血管以吸收養分，這類微血管屬於糜爛型，種子癌細胞較易於通過。癌細胞會藉由入侵周遭微血管，進入血液，來到身體中其他器官部位停留，等待器官組織微環境適合癌細胞生長時就再次鑽過微血管，進入器官的組織中潛伏。這時的癌細胞稱之為「微小轉移」。此時器官的微觀環境就如同土壤，環境適合時癌細胞會利用器官細胞所分泌的酵素作為養分，進而鬆弛組織的細胞結構，讓種子癌細胞得以鳩佔鵲巢。轉移之腫瘤增殖長大後會在附近用同樣手法形成更多之轉移之病灶，所以在臨床上發現遠處之器官轉移，往往是多發性病灶。骨骼就是的乳癌細胞最常轉移潛伏的器官; 乳癌細胞一旦入侵骨骼後，會刺激蝕骨細胞，加速骨骼的分解並破壞骨骼結構以從中獲利，導致骨轉移的病患常發生骨痛、骨折、或脊髓壓迫等症狀而導致生活品質急遽下降。"
172,關於乳癌，骨轉移的治療選擇,"針對惡性腫瘤骨轉移造成的併發症及疼痛有許多治療選擇；傳統上，治療方式包括化學療法，放射線治療，止痛藥和手術等，但這些療法皆未能治療造成骨骼病變的主因（如骨吸收率增加），也無法預防發生後續骨病變。相對而言，使用抗骨骼吸收藥物（如雙磷酸鹽藥物）可控制造成骨骼病變的致因，且同時預防後續骨病變事件的發生。

 

含氮雙磷酸鹽類藥物應用於乳癌治療的轉變與發展
由於癌細胞入侵骨骼之後，會造成蝕骨細胞大量增生，所造成的骨質流失程度較一般年齡老化或婦女停經後的情形更為嚴重，因此需要更強效的含氮雙磷雙鹽藥物來抑制蝕骨細胞的產生。含氮雙磷酸鹽類藥物可以切斷蝕骨細胞生長的源頭營養補給、並減少癌細胞在骨骼內持續生長的機會，因此對於保護癌症病患的骨骼有其效果。適當使用此類藥物治療可預防因癌症併發骨轉移所造成之骨折及骨痛之發生。國內目前使用於癌症骨轉移之雙磷酸鹽類藥物有骨復舒（Bonefos）、雷狄亞（Aredia）、卓骨祂（Zometa）防荷爾蒙輔助治療造成的骨鬆症
乳癌病患手術後，以荷爾蒙輔助治療時，常見的副作用是大量骨質流失導致發生骨鬆症，一般補充鈣片加上維他命 D3 來預防並無法追趕上骨質流失的速度。根據國際大型臨床研究（Z/ZO-FAST、ABCSG-12）證實，使用含氮雙磷酸鹽類藥物（卓骨祂 Zometa）合併荷爾蒙（芳香環酶抑制劑）治療，每半年注射治療一次，可減少乳癌患者骨質流失，提早使用更可提升患者骨質密度。第三代含氮雙磷酸鹽類藥物－卓骨祂（Zometa），是目前廣泛應用於預防或延遲乳癌骨骼轉移病人發生骨折、骨損傷及高血鈣的主要用藥，已被證實可以預防乳癌手術後荷爾蒙輔助治療時骨鬆症的發生。

 

使用「雙磷酸鹽類藥物」對於早期乳癌復發已有初步結果
年輕的早期乳癌患者最害怕的復發問題，目前有了新的治療發現，根據 2008 年美國臨床腫瘤醫學會以及歐洲腫瘤醫學會所發表的最新臨床研究（ABCSG-12）發現，使用雙磷酸鹽藥物－卓骨祂（Zometa）合併荷爾蒙療法可降低癌症復發或轉移的風險達 35%。台灣女性發生乳癌年齡較歐美有年輕化的趨勢，這次的臨床研究發表對於台灣乳癌年輕化之治療提供了另一種選擇。"
173,關於乳癌，乳癌第四期不代表末期～手術＋藥物，轉移性乳癌也有春天,"轉型性乳癌如何治療？台北榮總一般外科主治醫師曾令民表示，以往認為第四期乳癌患者不需要開刀，但新的文獻報告推翻這種觀念，即使第四期患者，手術都有地位，再配合完整的藥物治療，轉移性乳癌患者也有春天。曾令民指出，轉移性乳癌藥物治療包括荷爾蒙、化療、免疫療法和標靶治療。免疫療法目前角色暫時不明確，標靶治療在乳癌的成熟應用有賀癌平和泰嘉錠。臨床上根據病人狀況決定給藥，最重要的是「腫瘤行為」。

 

定抗癌策略  先看腫瘤行為
「基本上第四期患者都會用到荷爾蒙或化療，但不建議併用，會建議先用荷爾蒙或先用化療，之後再交互；但若加入標靶，則可能標靶加荷爾蒙或標靶加化療。」曾令民解釋。化療藥物牽涉到口服或針劑，傳統上，針劑佔優勢主導地位。曾令民說明，就好比化療和荷爾蒙之間，醫生比較迷戀化療而忽略荷爾蒙，同樣地，提到化療，醫師偏愛針劑。「這是個迷思，事實上，口服藥表現不會輸給針劑。」曾令民說，傑出的口服藥包含早期的截瘤達、友復和現在的溫諾平，許多研究證明，相對於針劑，口服藥無論反應率、緩解時間和存活率都不會比較差。

 

口服藥表現  不輸針劑
研究發現，口服藥在經濟和時間上的花費都只有針劑三分之一。「患者能接受口服藥，代表副作用不能太大；副作用太大，沒有一個人堅強到願意準時吞藥，大家都會逃避。」曾令民說。口服藥當然也有缺點。截瘤達最大的副作用是手腳麻木、起水泡、起疹子，其次是腹瀉；溫諾平的副作用是噁心、嘔吐、白血球下降，但相對於針劑，並不是很明顯。

 

口服藥的優勢是方便、節省時間和經濟花費、副作用減少，更重要的是獲得這些優勢的同時並不會犧牲療效。曾令民強調，這並不代表從今開始，針劑化療藥都不要了，還是要由醫師做判定，「治療病人是活的，每個病人都有特殊狀況，最重要的是醫生和病人間的溝通。」第四期不代表末期，將身體維持在最佳狀態，等待更好的新藥，未來仍有希望。"
174,關於乳癌，乳癌肝轉移使用的口服截瘤達效果跟副作用為何？,"截瘤達是 5-FU 這種化療藥物的前驅物，它會在乳癌細胞內經由酵素轉變成具抗癌細胞活性的 5-FU，因此具有相當不錯的乳癌細胞毒殺效果。截瘤達的標準用量為每天 1500~2000 mg/m2，一般吃二週，休息一週，反應率約在 20% 左右，疾病穩定率約在 50% 左右，而且效果常能維持半年到一年以上。

 

副作用一般而言多屬輕微，主要必須注意的副作用是手足症候群（手足皮膚會發紅、脫皮、疼痛等），發生機會約在30%左右。由於此藥是屬於口服藥物，病患也就免於住院打針的辛苦，有效控制乳癌。"
175,關於乳癌，雙磷酸鹽類藥物,安寧病房需要自費嗎？和一般病房有什麼不同？
176,關於乳癌，化學治療,安寧照護一定要住在安寧病房嗎？
